Name,Position,College,Round,Pick,Stat URL,Height,Weight,40 Yard Dash,Bench Press,Vertical Jump,Broad Jump,3 Cone Drill,Shuttle,conf_abbr,games,seasons,tackles_solo,tackles_assists,tackles_total,tackles_loss,sacks,def_int,def_int_yds,def_int_td,pass_defended,fumbles_rec,fumbles_rec_yds,fumbles_rec_td,fumbles_forced,pass_cmp,pass_att,pass_cmp_pct,pass_yds,pass_td,pass_int,pass_rating,rec,rec_yds,rec_yds_per_rec,rec_td,rush_att,rush_yds,rush_yds_per_att,rush_td,scrim_att,scrim_yds,scrim_yds_per_att,scrim_td,punt_ret,punt_ret_yds,punt_ret_yds_per_ret,punt_ret_td,kick_ret,kick_ret_yds,kick_ret_yds_per_ret,kick_ret_tdxpm,xpa,xp_pct,fgm,fga,fg_pct,kick_points,punt,punt_yds,punt_yds_per_punt,Year
Johnathan Abram,S,Mississippi State,1,27,https://www.sports-reference.com/cfb/players/johnathan-abram-1.html,71,205,4.45,,,116.0,,,SEC,33,3,96,74,170,14.0,5.0,2,9,0,10,1,,,3,,,,,,,,,,,,,,,,,,,,,,,,,,,,,,,,,,,,,2019
Paul Adams,OT,Missouri,0,0,https://www.sports-reference.com/cfb/players/paul-adams-3.html,78,317,5.18,16.0,27.0,103.0,7.68,4.74,,,,,,,,,,,,,,,,,,,,,,,,,,,,,,,,,,,,,,,,,,,,,,,,,,,,,2019
Azeez Al-Shaair,LB,Florida Atlantic,0,0,https://www.sports-reference.com/cfb/players/azeez-al-shaair-1.html,73,234,,16.0,,,,,CUSA,43,4,201,194,395,31.0,7.5,1,30,1,6,0,,,1,,,,,,,,,,,,,,,,,,,,,,,,,,,,,,,,,,,,,2019
Otaro Alaka,LB,Texas A&M,0,0,https://www.sports-reference.com/cfb/players/otaro-alaka-1.html,75,239,4.82,20.0,36.0,131.0,,,SEC,47,5,117,143,260,36.5,10.5,1,0,0,5,0,,,5,,,,,,,,,,,,,,,,,,,,,,,,,,,,,,,,,,,,,2019
Dakota Allen,LB,Texas Tech,7,251,https://www.sports-reference.com/cfb/players/dakota-allen-1.html,73,232,4.77,23.0,31.5,116.0,6.88,4.04,Big 12,34,3,134,115,249,17.5,2.0,4,40,0,7,3,,1,1,,,,,,,,,,,,,,,,,,,,,,,,,,,,,,,,,,,,,2019
Josh Allen,EDGE,Kentucky,1,7,https://www.sports-reference.com/cfb/players/josh-allen-6.html,77,262,4.63,28.0,,118.0,7.15,4.23,SEC,42,4,121,99,220,42.0,31.5,1,14,0,8,2,,,11,,,,,,,,,,,,,,,,,,,,,,,,,,,,,,,,,,,,,2019
Zach Allen,DL,Boston Col.,3,65,https://www.sports-reference.com/cfb/players/zach-allen-5.html,76,281,5.0,24.0,32.0,112.0,7.34,4.36,ACC,37,4,93,106,199,40.5,16.5,2,6,0,14,4,,,1,,,,,,,,,,,,,,,,,,,,,,,,,,,,,,,,,,,,,2019
Bryson Allen-Williams,LB,South Carolina,0,0,https://www.sports-reference.com/cfb/players/bryson-allen-williams-1.html,73,236,4.88,14.0,,,7.4,,SEC,43,5,107,69,176,25.0,6.5,4,0,0,2,3,,,1,,,,,,,,,,,,,,,,,,,,,,,,,,,,,,,,,,,,,2019
Jeff Allison,LB,Fresno State,0,0,https://www.sports-reference.com/cfb/players/jeffrey-allison-1.html,71,228,4.82,12.0,31.0,115.0,7.2,4.45,MWC,34,3,152,115,267,11.0,2.5,2,27,0,4,2,,,2,,,,,,,,,,,,,,,,,,,,,,,,,,,,,,,,,,,,,2019
Ugo Amadi,S,Oregon,4,132,https://www.sports-reference.com/cfb/players/ugo-amadi-1.html,69,199,4.51,18.0,32.5,115.0,7.21,4.19,Pac-12,48,4,125,40,165,8.5,3.0,9,122,2,25,2,,1,3,,,,,,,,,,,,,,,,,,,,,,,,,,,,,,,,,,,,,2019
Rodney Anderson,RB,Oklahoma,6,211,https://www.sports-reference.com/cfb/players/rodney-anderson-1.html,72,224,,25.0,,,,,Big 12,17,3,,,,,,,,,,,,,,,,,,,,,17,281,16.5,5,200,1285,6.4,16,217,1566,7.2,21,,,,,,,,,,,,,,,,,,2019
J.J. Arcega-Whiteside,WR,Stanford,2,57,https://www.sports-reference.com/cfb/players/jj-arcega-whiteside-1.html,74,225,,,,,,,Pac-12,33,3,,,,,,,,,,,,,,,,,,,,,135,2219,16.4,28,0,0,,0,135,2219,16.4,28,,,,,,,,,,,,,,,,,,2019
Ryquell Armstead,RB,Temple,5,140,https://www.sports-reference.com/cfb/players/ryquell-armstead-1.html,71,220,4.45,22.0,30.0,114.0,7.02,4.29,American,46,4,,,,,,,,,,,,,,,,,,,,,29,175,6.0,0,573,2812,4.9,34,602,2987,5.0,34,,,,,,,,,,,,,,,,,,2019
Blessuan Austin,CB,Rutgers,6,196,https://www.sports-reference.com/cfb/players/blessuan-austin-1.html,73,198,,15.0,,,,,Big Ten,25,4,67,22,89,5.0,2.0,4,42,1,18,1,,,1,,,,,,,,,,,,,,,,,,,,,,,,,,,,,,,,,,,,,2019
Jake Bailey,P,Stanford,5,163,https://www.sports-reference.com/cfb/players/jake-bailey-1.html,73,200,4.72,,33.0,117.0,,,Pac-12,47,4,,,,,,,,,,,,,,,,,,,,,,,,,,,,,,,,,,,,,,,,,0,,0,0,,0,185,8105,43.8,2019
Zack Bailey,OL,South Carolina,0,0,https://www.sports-reference.com/cfb/players/zack-bailey-1.html,77,299,,24.0,28.0,103.0,,,SEC,1,1,1,0,1,0.0,0.0,0,0,0,0,0,,,0,,,,,,,,,,,,,,,,,,,,,,,,,,,,,,,,,,,,,2019
Derrick Baity,CB,Kentucky,0,0,https://www.sports-reference.com/cfb/players/derrick-baity-1.html,74,197,,10.0,38.5,127.0,7.06,4.31,SEC,47,4,112,36,148,6.0,0.0,6,75,0,25,1,,,2,,,,,,,,,,,,,,,,,,,,,,,,,,,,,,,,,,,,,2019
Deandre Baker,CB,Georgia,1,30,https://www.sports-reference.com/cfb/players/deandre-baker-1.html,71,193,4.52,14.0,,118.0,,,SEC,35,4,83,33,116,4.0,1.0,7,145,0,23,1,,,2,,,,,,,,,,,,,,,,,,,,,,,,,,,,,,,,,,,,,2019
Ben Banogu,EDGE,TCU,2,49,https://www.sports-reference.com/cfb/players/ben-banogu-1.html,75,250,4.62,23.0,40.0,134.0,7.02,4.27,Sun Belt,40,3,75,37,112,34.5,17.0,0,0,0,1,2,,1,5,,,,,,,,,,,,,,,,,,,,,,,,,,,,,,,,,,,,,2019
Alex Barnes,RB,Kansas State,0,0,https://www.sports-reference.com/cfb/players/alex-barnes-1.html,72,226,4.59,34.0,38.5,126.0,6.95,4.1,Big 12,35,3,,,,,,,,,,,,,,,,,,,,,25,223,8.9,0,458,2616,5.7,25,483,2839,5.9,25,,,,,,,,,,,,,,,,,,2019
Alex Bars,OL,Notre Dame,0,0,https://www.sports-reference.com/cfb/players/alex-bars-1.html,78,312,,,,,,,,,,,,,,,,,,,,,,,,,,,,,,,,,,,,,,,,,,,,,,,,,,,,,,,,,,,2019
Cody Barton,LB,Utah,3,88,https://www.sports-reference.com/cfb/players/cody-barton-1.html,74,237,4.64,30.0,32.5,116.0,6.9,4.03,Pac-12,39,4,132,103,235,24.5,9.0,1,7,0,10,3,,,1,,,,,,,,,,,,,,,,,,,,,,,,,,,,,,,,,,,,,2019
Jackson Barton,OT,Utah,7,240,https://www.sports-reference.com/cfb/players/jackson-barton-1.html,79,310,5.18,25.0,27.0,109.0,7.85,4.66,Pac-12,2,1,2,0,2,0.0,0.0,0,0,0,0,0,,,0,,,,,,,,,,,,,,,,,,,,,,,,,,,,,,,,,,,,,2019
Ryan Bates,OL,Penn State,0,0,https://www.sports-reference.com/cfb/players/ryan-bates-1.html,76,306,5.09,28.0,27.0,102.0,7.45,4.53,Big Ten,1,1,1,0,1,0.0,0.0,0,0,0,0,0,,,0,,,,,,,,,,,,,,,,,,,,,,,,,,,,,,,,,,,,,2019
John Battle,S,LSU,0,0,https://www.sports-reference.com/cfb/players/john-battle-1.html,72,201,4.67,,29.5,120.0,7.09,4.33,SEC,38,4,71,72,143,4.5,1.5,5,48,0,11,0,,,2,,,,,,,,,,,,,,,,,,,,,,,,,,,,,,,,,,,,,2019
Terry Beckner,DL,Missouri,7,215,https://www.sports-reference.com/cfb/players/terry-beckner-jr-1.html,76,296,5.19,28.0,24.5,98.0,7.97,4.82,SEC,42,4,73,47,120,32.0,13.5,1,49,0,4,2,,,1,,,,,,,,,,,,,,,,,,,,,,,,,,,,,,,,,,,,,2019
Mike Bell,S,Fresno State,0,0,https://www.sports-reference.com/cfb/players/mike-bell-11.html,75,210,4.83,10.0,30.0,118.0,7.1,4.46,MWC,37,3,121,78,199,9.0,0.5,4,19,0,12,2,,,1,,,,,,,,,,,,,,,,,,,,,,,,,,,,,,,,,,,,,2019
Beau Benzschawel,OL,Wisconsin,0,0,https://www.sports-reference.com/cfb/players/beau-benzschawel-1.html,78,309,5.24,20.0,,,,,Big Ten,2,2,1,1,2,0.0,0.0,0,0,0,0,0,,,0,,,,,,,,,,,,,,,,,,,,,,,,,,,,,,,,,,,,,2019
Marquise Blair,S,Utah,2,47,https://www.sports-reference.com/cfb/players/marquise-blair-1.html,73,195,4.48,,35.0,125.0,,,Pac-12,22,2,79,27,106,5.0,0.0,2,5,0,4,1,,1,1,,,,,,,,,,,,,,,,,,,,,,,,,,,,,,,,,,,,,2019
Kendall Blanton,TE,Missouri,0,0,https://www.sports-reference.com/cfb/players/kendall-blanton-1.html,78,262,4.95,22.0,31.0,113.0,7.37,4.42,SEC,22,3,,,,,,,,,,,,,,,,,,,,,44,476,10.8,6,0,0,,0,44,476,10.8,6,,,,,,,,,,,,,,,,,,2019
Nick Bosa,DL,Ohio State,1,2,https://www.sports-reference.com/cfb/players/nick-bosa-1.html,76,266,4.79,29.0,33.5,116.0,7.1,4.14,Big Ten,29,3,47,30,77,29.0,17.5,0,0,0,2,0,,1,2,,,,,,,,,,,,,,,,,,,,,,,,,,,,,,,,,,,,,2019
Kris Boyd,CB,Texas,7,217,https://www.sports-reference.com/cfb/players/kris-boyd-1.html,71,201,4.45,19.0,36.5,127.0,6.94,4.08,Big 12,45,4,127,45,172,6.5,1.0,4,70,0,35,2,,,3,,,,,,,,,,,,,,,,,,,,,,,,,,,,,,,,,,,,,2019
Miles Boykin,WR,Notre Dame,3,93,https://www.sports-reference.com/cfb/players/miles-boykin-1.html,76,220,4.42,12.0,43.5,140.0,6.77,4.07,Ind,26,3,,,,,,,,,,,,,,,,,,,,,77,1206,15.7,11,0,0,,0,77,1206,15.7,11,,,,,,,,,,,,,,,,,,2019
Garrett Bradbury,OL,North Carolina State,1,18,https://www.sports-reference.com/cfb/players/garrett-bradbury-1.html,75,306,4.92,34.0,31.0,104.0,7.41,4.53,ACC,4,3,0,2,2,0.0,0.0,0,0,0,0,0,,,0,,,,,,,,,,,,,,,,,,,,,,,,,,,,,,,,,,,,,2019
Tyre Brady,WR,Marshall,0,0,https://www.sports-reference.com/cfb/players/tyre-brady-1.html,75,211,,12.0,32.0,117.0,,4.25,ACC,28,3,,,,,,,,,,,,,,,,,,,,,133,1944,14.6,17,1,14,14.0,0,134,1958,14.6,17,,,,,,,,,,,,,,,,,,2019
Jordan Brailford,EDGE,Oklahoma State,7,253,https://www.sports-reference.com/cfb/players/jordan-brailford-1.html,75,252,4.65,22.0,37.5,126.0,,,Big 12,35,3,90,45,135,31.5,16.0,1,0,0,1,0,,,3,,,,,,,,,,,,,,,,,,,,,,,,,,,,,,,,,,,,,2019
Nick Brossette,RB,LSU,0,0,https://www.sports-reference.com/cfb/players/nick-brossette-1.html,71,209,4.72,15.0,35.5,118.0,7.38,4.44,SEC,31,4,,,,,,,,,,,,,,,,,,,,,15,77,5.1,0,286,1345,4.7,14,301,1422,4.7,14,,,,,,,,,,,,,,,,,,2019
A.J. Brown,WR,Mississippi,2,51,https://www.sports-reference.com/cfb/players/aj-brown-3.html,72,226,4.49,19.0,36.5,120.0,,,SEC,34,3,,,,,,,,,,,,,,,,,,,,,189,2984,15.8,19,0,0,,0,189,2984,15.8,19,,,,,,,,,,,,,,,,,,2019
Blace Brown,CB,Troy,0,0,https://www.sports-reference.com/cfb/players/blace-brown-1.html,72,194,4.75,14.0,,126.0,7.33,4.22,Sun Belt,35,3,76,35,111,2.0,0.5,12,181,1,16,1,,,2,,,,,,,,,,,,,,,,,,,,,,,,,,,,,,,,,,,,,2019
Keenen Brown,TE,Texas State,0,0,https://www.sports-reference.com/cfb/players/keenan-brown-2.html,74,250,4.75,17.0,33.0,117.0,7.27,4.51,,,,,,,,,,,,,,,,,,,,,,,,,,,,,,,,,,,,,,,,,,,,,,,,,,,,,2019
Marquise Brown,WR,Oklahoma,1,25,https://www.sports-reference.com/cfb/players/marquise-brown-1.html,69,166,,,,,,,Big 12,25,2,,,,,,,,,,,,,,,,,,,,,132,2413,18.3,17,3,0,0.0,0,135,2413,17.9,17,,,,,,,,,,,,,,,,,,2019
Jake Browning,QB,Washington,0,0,https://www.sports-reference.com/cfb/players/jake-browning-1.html,74,211,4.74,,29.0,112.0,7.19,4.44,Pac-12,53,4,,,,,,,,,,,,,,958,1484,64.6,12296,94,34,150.5,,,,,,,,,,,,,,,,,,,,,,,,,,,,,,2019
Austin Bryant,EDGE,Clemson,4,117,https://www.sports-reference.com/cfb/players/austin-bryant-1.html,76,271,,,,,,,ACC,45,4,69,61,130,37.0,21.0,1,0,0,3,1,,,2,,,,,,,,,,,,,,,,,,,,,,,,,,,,,,,,,,,,,2019
Isaiah Buggs,DL,Alabama,6,192,https://www.sports-reference.com/cfb/players/isaiah-buggs-1.html,75,306,5.15,20.0,24.5,96.0,8.01,4.83,SEC,28,2,43,60,103,17.5,11.0,0,0,0,3,1,,,2,,,,,,,,,,,,,,,,,,,,,,,,,,,,,,,,,,,,,2019
Sean Bunting,CB,Central Michigan,2,39,https://www.sports-reference.com/cfb/players/sean-bunting-1.html,72,195,4.42,14.0,41.5,126.0,,,MAC,35,3,72,32,104,3.5,0.0,9,35,0,15,1,,,4,,,,,,,,,,,,,,,,,,,,,,,,,,,,,,,,,,,,,2019
Brian Burns,EDGE,Florida State,1,16,https://www.sports-reference.com/cfb/players/brian-burns-2.html,77,249,4.53,,36.0,129.0,7.01,,ACC,33,3,71,52,123,38.5,23.0,0,0,0,7,2,,,7,,,,,,,,,,,,,,,,,,,,,,,,,,,,,,,,,,,,,2019
Ben Burr-Kirven,LB,Washington,5,142,https://www.sports-reference.com/cfb/players/ben-burr-kirven-1.html,72,230,4.56,21.0,34.5,121.0,6.85,4.09,Pac-12,47,4,190,148,338,11.5,4.0,4,60,0,10,3,,,6,,,,,,,,,,,,,,,,,,,,,,,,,,,,,,,,,,,,,2019
Devin Bush,LB,Michigan,1,10,https://www.sports-reference.com/cfb/players/devin-bush-2.html,71,234,4.43,21.0,40.5,124.0,6.93,4.23,Big Ten,32,3,91,81,172,18.5,10.0,1,0,0,11,0,,,0,,,,,,,,,,,,,,,,,,,,,,,,,,,,,,,,,,,,,2019
Emmanuel Butler,WR,Northern Arizona,0,0,https://www.sports-reference.com/cfb/players/emmanuel-butler-1.html,75,217,,11.0,36.0,115.0,,4.22,,,,,,,,,,,,,,,,,,,,,,,,,,,,,,,,,,,,,,,,,,,,,,,,,,,,,2019
Hakeem Butler,WR,Iowa State,4,103,https://www.sports-reference.com/cfb/players/hakeem-butler-1.html,77,227,4.48,18.0,36.0,128.0,,,Big 12,34,3,,,,,,,,,,,,,,,,,,,,,110,2149,19.5,18,0,0,,0,110,2149,19.5,18,,,,,,,,,,,,,,,,,,2019
Yodny Cajuste,OT,West Virginia,3,101,https://www.sports-reference.com/cfb/players/yodny-cajuste-1.html,77,312,,32.0,,,,,Big 12,4,2,5,1,6,1.0,0.0,0,0,0,0,0,,,0,,,,,,,,,,,,,,,,,,,,,,,,,,,,,,,,,,,,,2019
Deion Calhoun,OL,Mississippi State,0,0,https://www.sports-reference.com/cfb/players/deion-calhoun-1.html,74,310,5.07,26.0,28.5,105.0,7.46,4.62,SEC,2,2,3,1,4,0.0,0.0,0,0,0,0,0,,,0,,,,,,,,,,,,,,,,,,,,,,,,,,,,,,,,,,,,,2019
Parris Campbell,WR,Ohio State,2,59,https://www.sports-reference.com/cfb/players/parris-campbell-1.html,72,205,4.31,11.0,40.0,135.0,,4.03,Big Ten,43,4,,,,,,,,,,,,,,,,,,,,,143,1768,12.4,15,23,210,9.1,2,166,1978,11.9,17,,,,,,,,,,,,,,,,,,2019
Malik Carney,EDGE,North Carolina,0,0,https://www.sports-reference.com/cfb/players/malik-carney-1.html,74,251,4.73,25.0,33.0,113.0,7.4,,ACC,36,4,91,85,176,32.5,17.0,0,0,0,4,3,,1,9,,,,,,,,,,,,,,,,,,,,,,,,,,,,,,,,,,,,,2019
Blake Cashman,LB,Minnesota,5,157,https://www.sports-reference.com/cfb/players/blake-cashman-1.html,73,237,4.5,18.0,37.5,124.0,6.95,4.12,Big Ten,36,4,116,67,183,31.0,12.0,0,0,0,6,1,,1,2,,,,,,,,,,,,,,,,,,,,,,,,,,,,,,,,,,,,,2019
Hamp Cheevers,CB,Boston Col.,0,0,https://www.sports-reference.com/cfb/players/hamp-cheevers-1.html,69,169,4.52,8.0,39.0,122.0,6.96,4.25,ACC,17,2,35,20,55,2.5,0.0,9,178,1,10,1,,,2,,,,,,,,,,,,,,,,,,,,,,,,,,,,,,,,,,,,,2019
Demarcus Christmas,DL,Florida State,6,209,https://www.sports-reference.com/cfb/players/demarcus-christmas-1.html,75,294,5.08,22.0,25.5,101.0,8.13,5.07,ACC,44,5,49,57,106,11.5,3.5,0,0,0,13,2,,,1,,,,,,,,,,,,,,,,,,,,,,,,,,,,,,,,,,,,,2019
L.J. Collier,DL,TCU,1,29,https://www.sports-reference.com/cfb/players/lj-collier-1.html,74,283,4.91,25.0,30.0,118.0,7.71,4.78,Big 12,33,4,44,38,82,20.5,14.5,1,-2,0,5,0,,,0,,,,,,,,,,,,,,,,,,,,,,,,,,,,,,,,,,,,,2019
Te'von Coney,LB,Notre Dame,0,0,https://www.sports-reference.com/cfb/players/tevon-coney-1.html,73,234,,,,,,,Ind,46,4,158,155,313,23.0,7.0,1,7,0,4,2,,,1,,,,,,,,,,,,,,,,,,,,,,,,,,,,,,,,,,,,,2019
Ryan Connelly,LB,Wisconsin,5,143,https://www.sports-reference.com/cfb/players/ryan-connelly-1.html,74,242,4.66,,34.5,118.0,7.09,4.31,Big Ten,44,4,159,92,251,29.0,6.0,2,17,0,5,2,,1,2,,,,,,,,,,,,,,,,,,,,,,,,,,,,,,,,,,,,,2019
C.J. Conrad,TE,Kentucky,0,0,https://www.sports-reference.com/cfb/players/cj-conrad-1.html,76,249,,,,,,,SEC,35,4,,,,,,,,,,,,,,,,,,,,,80,1015,12.7,12,0,0,,0,80,1015,12.7,12,,,,,,,,,,,,,,,,,,2019
Byron Cowart,DL,Maryland,5,159,https://www.sports-reference.com/cfb/players/byron-cowart-2.html,75,298,5.16,26.0,30.0,111.0,,,,,,,,,,,,,,,,,,,,,,,,,,,,,,,,,,,,,,,,,,,,,,,,,,,,,,,2019
Jonathan Crawford,S,Indiana,0,0,https://www.sports-reference.com/cfb/players/jonathan-crawford-1.html,73,205,,16.0,31.5,115.0,,,Big Ten,50,4,182,94,276,8.0,2.0,9,82,1,19,5,,,3,,,,,,,,,,,,,,,,,,,,,,,,,,,,,,,,,,,,,2019
Xavier Crawford,CB,Central Michigan,6,195,https://www.sports-reference.com/cfb/players/xavier-crawford-2.html,71,187,4.48,11.0,37.5,,,,Pac-12,28,3,18,6,24,3.0,0.0,1,0,0,12,2,,,0,,,,,,,,,,,,,,,,,,,,,,,,,,,,,,,,,,,,,2019
Maxx Crosby,DL,East. Michigan,4,106,https://www.sports-reference.com/cfb/players/maxx-crosby-1.html,77,255,4.66,,36.0,122.0,6.89,4.13,MAC,37,3,73,89,162,41.0,20.0,1,2,1,4,4,,1,8,,,,,,,,,,,,,,,,,,,,,,,,,,,,,,,,,,,,,2019
Jamal Custis,WR,Syracuse,0,0,https://www.sports-reference.com/cfb/players/jamal-custis-1.html,76,214,4.5,,34.5,124.0,,,ACC,21,4,,,,,,,,,,,,,,,,,,,,,64,1048,16.4,8,2,-4,-2.0,0,66,1044,15.8,8,,,,,,,,,,,,,,,,,,2019
Dennis Daley,OT,South Carolina,6,212,https://www.sports-reference.com/cfb/players/dennis-daley-1.html,77,317,5.23,20.0,26.5,103.0,7.95,4.92,,,,,,,,,,,,,,,,,,,,,,,,,,,,,,,,,,,,,,,,,,,,,,,,,,,,,2019
Davante Davis,CB,Texas,0,0,https://www.sports-reference.com/cfb/players/davante-davis-1.html,74,202,4.57,14.0,37.0,125.0,6.76,4.15,Big 12,35,4,102,15,117,7.0,0.0,4,17,0,20,1,,,3,,,,,,,,,,,,,,,,,,,,,,,,,,,,,,,,,,,,,2019
Deshaun Davis,LB,Auburn,6,210,https://www.sports-reference.com/cfb/players/deshaun-davis-1.html,71,234,,25.0,31.0,111.0,,4.38,SEC,41,4,130,132,262,29.5,7.5,0,0,0,6,2,,,0,,,,,,,,,,,,,,,,,,,,,,,,,,,,,,,,,,,,,2019
Felton Davis,WR,Michigan State,0,0,https://www.sports-reference.com/cfb/players/felton-davis-iii-1.html,75,211,,21.0,,,,,Big Ten,24,4,,,,,,,,,,,,,,,,,,,,,100,1450,14.5,14,4,80,20.0,1,104,1530,14.7,15,,,,,,,,,,,,,,,,,,2019
Jamal Davis,EDGE,Akron,0,0,https://www.sports-reference.com/cfb/players/jamal-davis-ii-1.html,75,243,4.6,19.0,39.0,122.0,7.0,4.44,ACC,29,3,86,63,149,31.5,7.5,1,3,0,6,0,,,2,,,,,,,,,,,,,,,,,,,,,,,,,,,,,,,,,,,,,2019
Nate Davis,OL,Charlotte,3,82,https://www.sports-reference.com/cfb/players/nate-davis-4.html,75,316,5.23,23.0,26.0,107.0,7.94,4.83,CUSA,3,2,2,1,3,0.0,0.0,0,0,0,0,0,,,0,,,,,,,,,,,,,,,,,,,,,,,,,,,,,,,,,,,,,2019
Ryan Davis,WR,Auburn,0,0,https://www.sports-reference.com/cfb/players/ryan-davis-5.html,70,189,,12.0,35.0,124.0,7.09,4.23,SEC,39,4,,,,,,,,,,,,,,,,,,,,,178,1555,8.7,7,8,37,4.6,0,186,1592,8.6,7,,,,,,,,,,,,,,,,,,2019
Jamel Dean,CB,Auburn,3,94,https://www.sports-reference.com/cfb/players/jamel-dean-1.html,73,206,4.3,16.0,41.0,130.0,7.02,4.19,SEC,26,2,45,28,73,4.5,1.0,2,0,0,17,1,,,0,,,,,,,,,,,,,,,,,,,,,,,,,,,,,,,,,,,,,2019
Michael Deiter,OL,Wisconsin,3,78,https://www.sports-reference.com/cfb/players/michael-deiter-1.html,77,309,5.23,21.0,28.0,105.0,7.88,4.81,Big Ten,2,2,1,0,1,0.0,0.0,0,0,0,0,0,,,0,,,,,,,,,,,,,,,,,,,,,,,,,,,,,,,,,,,,,2019
Lukas Denis,S,Boston Col.,0,0,https://www.sports-reference.com/cfb/players/lukas-denis-1.html,71,190,4.64,16.0,33.5,116.0,6.89,4.09,ACC,30,3,82,57,139,1.0,0.5,9,244,1,16,0,,,3,,,,,,,,,,,,,,,,,,,,,,,,,,,,,,,,,,,,,2019
Andre Dillard,OT,Washington State,1,22,https://www.sports-reference.com/cfb/players/andre-dillard-1.html,77,315,4.96,24.0,29.0,118.0,7.44,4.4,Pac-12,2,2,1,1,2,0.0,0.0,0,0,0,0,0,,,0,,,,,,,,,,,,,,,,,,,,,,,,,,,,,,,,,,,,,2019
D'Cota Dixon,S,Wisconsin,0,0,https://www.sports-reference.com/cfb/players/dcota-dixon-1.html,70,204,4.81,20.0,33.5,119.0,,,Big Ten,44,5,108,71,179,8.5,2.5,5,44,0,11,2,,,3,,,,,,,,,,,,,,,,,,,,,,,,,,,,,,,,,,,,,2019
Johnnie Dixon,WR,Ohio State,0,0,https://www.sports-reference.com/cfb/players/johnnie-dixon-1.html,70,201,4.41,16.0,37.5,120.0,,4.43,Big Ten,27,5,,,,,,,,,,,,,,,,,,,,,67,1146,17.1,16,5,25,5.0,1,72,1171,16.3,17,,,,,,,,,,,,,,,,,,2019
Tyrel Dodson,LB,Texas A&M,0,0,https://www.sports-reference.com/cfb/players/tyrel-dodson-1.html,72,237,4.6,24.0,,118.0,,,SEC,36,3,106,95,201,18.5,6.0,4,119,2,11,2,,,0,,,,,,,,,,,,,,,,,,,,,,,,,,,,,,,,,,,,,2019
Greg Dortch,WR,Wake Forest,0,0,https://www.sports-reference.com/cfb/players/greg-dortch-1.html,67,173,,,,,,,ACC,20,2,,,,,,,,,,,,,,,,,,,,,142,1800,12.7,17,12,29,2.4,0,154,1829,11.9,17,,,,,,,,,,,,,,,,,,2019
Jovon Durante,WR,Florida Atlantic,0,0,https://www.sports-reference.com/cfb/players/jovon-durante-1.html,71,160,4.55,,31.5,120.0,7.0,4.31,Big 12,36,3,,,,,,,,,,,,,,,,,,,,,65,873,13.4,5,8,50,6.3,0,73,923,12.6,5,,,,,,,,,,,,,,,,,,2019
Chuma Edoga,OT,USC,3,92,https://www.sports-reference.com/cfb/players/chuma-edoga-1.html,75,308,5.19,21.0,,,,,,,,,,,,,,,,,,,,,,,,,,,,,,,,,,,,,,,,,,,,,,,,,,,,,,,,,2019
David Edwards,OT,Wisconsin,5,169,https://www.sports-reference.com/cfb/players/david-edwards-3.html,78,308,5.28,,25.5,99.0,7.69,4.77,Big Ten,2,2,2,0,2,0.0,0.0,0,0,0,0,0,,,0,,,,,,,,,,,,,,,,,,,,,,,,,,,,,,,,,,,,,2019
Mike Edwards,S,Kentucky,3,99,https://www.sports-reference.com/cfb/players/mike-edwards-8.html,70,205,,,,,,,SEC,48,4,190,127,317,21.0,1.5,10,146,2,23,1,,,2,,,,,,,,,,,,,,,,,,,,,,,,,,,,,,,,,,,,,2019
T.J. Edwards,LB,Wisconsin,0,0,https://www.sports-reference.com/cfb/players/tj-edwards-3.html,72,230,,16.0,,,,,Big Ten,53,4,215,151,366,37.5,8.0,10,94,1,15,1,,,1,,,,,,,,,,,,,,,,,,,,,,,,,,,,,,,,,,,,,2019
Emeke Egbule,LB,Houston,6,200,https://www.sports-reference.com/cfb/players/emeke-egbule-1.html,74,245,4.65,20.0,33.0,119.0,7.38,4.38,American,43,4,98,64,162,13.0,5.0,2,0,0,5,7,,2,2,,,,,,,,,,,,,,,,,,,,,,,,,,,,,,,,,,,,,2019
Bobby Evans,OT,Oklahoma,3,97,https://www.sports-reference.com/cfb/players/bobby-evans-1.html,76,312,5.2,22.0,,,,,Big 12,2,2,3,3,6,0.5,0.0,0,0,0,0,0,,,0,,,,,,,,,,,,,,,,,,,,,,,,,,,,,,,,,,,,,2019
Noah Fant,TE,Iowa,1,20,https://www.sports-reference.com/cfb/players/noah-fant-1.html,76,249,4.5,20.0,39.5,127.0,6.81,4.22,Big Ten,30,3,,,,,,,,,,,,,,,,,,,,,78,1083,13.9,19,4,0,0.0,0,82,1083,13.2,19,,,,,,,,,,,,,,,,,,2019
Rashad Fenton,CB,South Carolina,6,201,https://www.sports-reference.com/cfb/players/rashad-fenton-1.html,71,193,4.52,12.0,34.0,117.0,,4.25,SEC,43,4,95,27,122,5.0,0.5,5,24,0,19,1,,,1,,,,,,,,,,,,,,,,,,,,,,,,,,,,,,,,,,,,,2019
Jazz Ferguson,WR,Northwestern St. (LA),0,0,https://www.sports-reference.com/cfb/players/jazz-ferguson-1.html,77,227,4.45,8.0,37.0,123.0,7.25,4.59,SEC,1,1,,,,,,,,,,,,,,,,,,,,,2,17,8.5,0,0,0,,0,2,17,8.5,0,,,,,,,,,,,,,,,,,,2019
Clelin Ferrell,EDGE,Clemson,1,4,https://www.sports-reference.com/cfb/players/clelin-ferrell-1.html,76,264,,25.0,,,7.26,4.4,ACC,44,4,84,82,166,50.5,27.0,0,0,0,5,1,,1,5,,,,,,,,,,,,,,,,,,,,,,,,,,,,,,,,,,,,,2019
Mark Fields,CB,Clemson,0,0,https://www.sports-reference.com/cfb/players/mark-fields-4.html,70,192,4.37,18.0,,,,,ACC,27,4,32,7,39,5.0,1.0,1,42,1,11,0,,,0,,,,,,,,,,,,,,,,,,,,,,,,,,,,,,,,,,,,,2019
Ryan Finley,QB,North Carolina State,4,104,https://www.sports-reference.com/cfb/players/ryan-finley-1.html,76,213,4.73,,30.5,116.0,7.2,4.2,MWC,46,5,,,,,,,,,,,,,,880,1364,64.5,10501,60,25,140.0,,,,,,,,,,,,,,,,,,,,,,,,,,,,,,2019
Nick Fitzgerald,QB,Mississippi State,0,0,https://www.sports-reference.com/cfb/players/nick-fitzgerald-2.html,77,226,4.64,,29.5,115.0,,,SEC,44,4,,,,,,,,,,,,,,511,942,54.2,6207,55,30,122.5,,,,,,,,,,,,,,,,,,,,,,,,,,,,,,2019
Cody Ford,OT,Oklahoma,2,38,https://www.sports-reference.com/cfb/players/cody-ford-1.html,76,329,5.21,19.0,28.5,104.0,8.27,4.87,,,,,,,,,,,,,,,,,,,,,,,,,,,,,,,,,,,,,,,,,,,,,,,,,,,,,2019
Jack Fox,P,Rice,0,0,https://www.sports-reference.com/cfb/players/jack-fox-1.html,74,213,4.73,,27.5,114.0,,,CUSA,41,4,,,,,,,,,,,,,,,,,,,,,,,,,,,,,,,,,,,,,,,,,38,100.0,7,15,46.7,59,211,9167,43.4,2019
Hjalte Froholdt,OL,Arkansas,4,118,https://www.sports-reference.com/cfb/players/hjalte-froholdt-1.html,77,306,5.2,31.0,27.5,105.0,7.51,4.54,SEC,5,2,2,2,4,0.0,0.0,0,0,0,0,1,,,0,,,,,,,,,,,,,,,,,,,,,,,,,,,,,,,,,,,,,2019
Travis Fulgham,WR,Old Dominion,6,184,https://www.sports-reference.com/cfb/players/travis-fulgham-1.html,74,215,4.58,15.0,36.5,126.0,,,CUSA,39,4,,,,,,,,,,,,,,,,,,,,,128,2044,16.0,18,0,0,,0,128,2044,16.0,18,,,,,,,,,,,,,,,,,,2019
Lamont Gaillard,OL,Georgia,6,179,https://www.sports-reference.com/cfb/players/lamont-gaillard-1.html,75,305,,,,,,,SEC,1,1,1,0,1,0.0,0.0,0,0,0,0,0,,,0,,,,,,,,,,,,,,,,,,,,,,,,,,,,,,,,,,,,,2019
Greg Gaines,DL,Washington,4,134,https://www.sports-reference.com/cfb/players/greg-gaines-2.html,73,312,5.16,30.0,31.0,109.0,,,Pac-12,51,4,75,74,149,21.5,9.5,1,0,0,3,1,,,0,,,,,,,,,,,,,,,,,,,,,,,,,,,,,,,,,,,,,2019
Malik Gant,S,Marshall,0,0,https://www.sports-reference.com/cfb/players/malik-gant-1.html,72,209,4.63,17.0,34.5,114.0,7.45,4.3,CUSA,29,3,87,103,190,14.0,1.0,2,1,0,13,0,,,0,,,,,,,,,,,,,,,,,,,,,,,,,,,,,,,,,,,,,2019
Chauncey Gardner-Johnson,S,Florida,4,105,https://www.sports-reference.com/cfb/players/chauncey-gardner-1.html,71,210,4.48,17.0,36.0,117.0,7.03,4.2,SEC,35,3,92,69,161,15.5,4.0,9,301,3,12,0,,,0,,,,,,,,,,,,,,,,,,,,,,,,,,,,,,,,,,,,,2019
Rashan Gary,DL,Michigan,1,12,https://www.sports-reference.com/cfb/players/rashan-gary-1.html,76,277,4.58,26.0,38.0,120.0,7.26,4.29,Big Ten,34,3,57,62,119,23.0,9.5,0,0,0,0,0,,,1,,,,,,,,,,,,,,,,,,,,,,,,,,,,,,,,,,,,,2019
Myles Gaskin,RB,Washington,7,234,https://www.sports-reference.com/cfb/players/myles-gaskin-1.html,69,205,4.58,24.0,35.5,118.0,7.19,4.27,Pac-12,52,4,,,,,,,,,,,,,,,,,,,,,65,465,7.2,5,945,5323,5.6,57,1010,5788,5.7,62,,,,,,,,,,,,,,,,,,2019
Matt Gay,K,Utah,5,145,https://www.sports-reference.com/cfb/players/matt-gay-2.html,72,232,,,,,,,Pac-12,27,2,,,,,,,,,,,,,,,,,,,,,,,,,,,,,,,,,,,,,,,,,85,100.0,56,65,86.2,253,0,0,,2019
Zach Gentry,TE,Michigan,5,141,https://www.sports-reference.com/cfb/players/zach-gentry-2.html,80,265,4.9,12.0,29.5,110.0,7.4,4.53,Big Ten,21,2,,,,,,,,,,,,,,,,,,,,,49,817,16.7,4,0,0,,0,49,817,16.7,4,,,,,,,,,,,,,,,,,,2019
Joe Giles-Harris,LB,Duke,0,0,https://www.sports-reference.com/cfb/players/joe-giles-harris-1.html,74,234,4.75,17.0,29.5,111.0,,,ACC,34,3,143,170,313,32.5,8.5,2,13,0,8,1,,,1,,,,,,,,,,,,,,,,,,,,,,,,,,,,,,,,,,,,,2019
Andrew Van ginkel,LB,Wisconsin,5,151,https://www.sports-reference.com/cfb/players/andrew-van-ginkel-1.html,75,241,,17.0,38.0,123.0,6.89,4.14,Big Ten,26,2,65,33,98,19.5,12.0,2,11,1,5,1,,,4,,,,,,,,,,,,,,,,,,,,,,,,,,,,,,,,,,,,,2019
Kevin Givens,DL,Penn State,0,0,https://www.sports-reference.com/cfb/players/kevin-givens-1.html,73,285,5.08,32.0,31.0,115.0,7.63,4.62,Big Ten,36,3,40,43,83,22.0,13.5,0,0,0,4,3,,,1,,,,,,,,,,,,,,,,,,,,,,,,,,,,,,,,,,,,,2019
Dan Godsil,LS,Indiana,0,0,https://www.sports-reference.com/cfb/players/dan-godsil-1.html,76,241,5.0,16.0,34.5,118.0,7.56,4.55,Big Ten,7,2,7,1,8,0.0,0.0,0,0,0,0,0,,,0,,,,,,,,,,,,,,,,,,,,,,,,,,,,,,,,,,,,,2019
Terry Godwin,WR,Georgia,7,237,https://www.sports-reference.com/cfb/players/terry-godwin-1.html,71,184,4.55,,36.5,117.0,6.96,,SEC,51,4,,,,,,,,,,,,,,,,,,,,,134,1800,13.4,11,11,51,4.6,1,145,1851,12.8,12,,,,,,,,,,,,,,,,,,2019
Carl Granderson,EDGE,Wyoming,0,0,https://www.sports-reference.com/cfb/players/carl-granderson-1.html,77,254,4.79,,35.0,119.0,7.44,4.41,MWC,42,4,96,77,173,35.5,16.5,3,104,1,3,1,,1,3,,,,,,,,,,,,,,,,,,,,,,,,,,,,,,,,,,,,,2019
Derwin Gray,OT,Maryland,7,219,https://www.sports-reference.com/cfb/players/derwin-gray-2.html,76,320,5.26,26.0,,90.0,,,Big Ten,2,1,1,0,1,0.0,0.0,0,0,0,0,0,,,0,,,,,,,,,,,,,,,,,,,,,,,,,,,,,,,,,,,,,2019
Gerri Green,EDGE,Mississippi State,6,199,https://www.sports-reference.com/cfb/players/gerri-green-1.html,76,252,4.63,24.0,35.0,114.0,7.27,4.42,SEC,49,4,59,101,160,20.0,8.5,3,84,1,6,2,,,3,,,,,,,,,,,,,,,,,,,,,,,,,,,,,,,,,,,,,2019
Donnell Greene,OT,Minnesota,0,0,https://www.sports-reference.com/cfb/players/donnell-greene-1.html,77,335,,,,,,,Big Ten,1,1,1,0,1,0.0,0.0,0,0,0,0,0,,,0,,,,,,,,,,,,,,,,,,,,,,,,,,,,,,,,,,,,,2019
Dre Greenlaw,LB,Arkansas,5,148,https://www.sports-reference.com/cfb/players/dre-greenlaw-1.html,71,237,,24.0,33.0,117.0,,,SEC,40,4,159,162,321,13.0,4.0,3,8,0,3,3,,,4,,,,,,,,,,,,,,,,,,,,,,,,,,,,,,,,,,,,,2019
Will Grier,QB,West Virginia,3,100,https://www.sports-reference.com/cfb/players/will-grier-1.html,74,217,4.84,,34.0,112.0,7.09,4.28,SEC,28,3,,,,,,,,,,,,,,516,785,65.7,7354,71,20,169.2,,,,,,,,,,,,,,,,,,,,,,,,,,,,,,2019
Porter Gustin,EDGE,USC,0,0,https://www.sports-reference.com/cfb/players/porter-gustin-1.html,76,255,4.69,31.0,35.5,119.0,,,Pac-12,34,4,84,53,137,33.0,21.5,0,0,0,5,1,,,0,,,,,,,,,,,,,,,,,,,,,,,,,,,,,,,,,,,,,2019
Emanuel Hall,WR,Missouri,0,0,https://www.sports-reference.com/cfb/players/emanuel-hall-1.html,74,201,4.39,15.0,43.5,141.0,,,SEC,32,4,,,,,,,,,,,,,,,,,,,,,97,2016,20.8,16,0,0,,0,97,2016,20.8,16,,,,,,,,,,,,,,,,,,2019
Nate Hall,LB,Northwestern,0,0,https://www.sports-reference.com/cfb/players/nate-hall-2.html,74,225,,,,,,,Big Ten,45,4,151,110,261,31.0,5.0,5,18,0,10,2,,,0,,,,,,,,,,,,,,,,,,,,,,,,,,,,,,,,,,,,,2019
Terez Hall,LB,Missouri,0,0,https://www.sports-reference.com/cfb/players/terez-hall-1.html,73,230,,20.0,,,,,SEC,36,4,112,66,178,23.5,6.0,1,0,0,4,0,,,1,,,,,,,,,,,,,,,,,,,,,,,,,,,,,,,,,,,,,2019
Saquan Hampton,S,Rutgers,6,177,https://www.sports-reference.com/cfb/players/saquan-hampton-1.html,73,206,4.48,14.0,,125.0,,,Big Ten,33,4,115,52,167,7.0,0.0,4,33,0,20,1,,,0,,,,,,,,,,,,,,,,,,,,,,,,,,,,,,,,,,,,,2019
Terrill Hanks,LB,New Mexico State,0,0,https://www.sports-reference.com/cfb/players/terrill-hanks-1.html,74,242,4.98,21.0,35.5,118.0,,,Sun Belt,45,4,164,227,391,43.5,11.0,8,47,1,14,3,,,7,,,,,,,,,,,,,,,,,,,,,,,,,,,,,,,,,,,,,2019
Chase Hansen,LB,Utah,0,0,https://www.sports-reference.com/cfb/players/chase-hansen-1.html,75,222,,,,,,,Pac-12,38,4,163,107,270,32.5,7.0,6,129,2,16,5,,1,4,,,,,,,,,,,,,,,,,,,,,,,,,,,,,,,,,,,,,2019
Mecole Hardman,WR,Georgia,2,56,https://www.sports-reference.com/cfb/players/mecole-hardman-1.html,70,187,4.33,17.0,36.5,119.0,,,SEC,33,3,,,,,,,,,,,,,,,,,,,,,60,961,16.0,11,13,97,7.5,2,73,1058,14.5,13,,,,,,,,,,,,,,,,,,2019
Kelvin Harmon,WR,North Carolina State,6,206,https://www.sports-reference.com/cfb/players/kelvin-harmon-1.html,74,221,4.6,18.0,32.5,117.0,7.15,4.32,ACC,35,3,,,,,,,,,,,,,,,,,,,,,177,2665,15.1,16,0,0,,0,177,2665,15.1,16,,,,,,,,,,,,,,,,,,2019
Damien Harris,RB,Alabama,3,87,https://www.sports-reference.com/cfb/players/damien-harris-1.html,70,216,4.57,16.0,37.0,121.0,,,SEC,54,4,,,,,,,,,,,,,,,,,,,,,52,407,7.8,2,477,3070,6.4,23,529,3477,6.6,25,,,,,,,,,,,,,,,,,,2019
Will Harris,S,Boston Col.,3,81,https://www.sports-reference.com/cfb/players/william-harris-4.html,73,207,4.41,20.0,36.5,123.0,6.91,4.12,ACC,47,4,139,86,225,7.5,1.0,5,65,0,7,6,,1,1,,,,,,,,,,,,,,,,,,,,,,,,,,,,,,,,,,,,,2019
N'Keal Harry,WR,Arizona State,1,32,https://www.sports-reference.com/cfb/players/nkeal-harry-1.html,74,228,4.53,27.0,38.5,122.0,,,Pac-12,37,3,,,,,,,,,,,,,,,,,,,,,213,2889,13.6,22,23,144,6.3,3,236,3033,12.9,25,,,,,,,,,,,,,,,,,,2019
Montre Hartage,CB,Northwestern,0,0,https://www.sports-reference.com/cfb/players/montre-hartage-1.html,71,190,4.68,9.0,34.5,123.0,6.95,4.08,Big Ten,40,4,140,32,172,2.5,0.0,9,87,0,26,2,,,1,,,,,,,,,,,,,,,,,,,,,,,,,,,,,,,,,,,,,2019
Dwayne Haskins,QB,Ohio State,1,15,https://www.sports-reference.com/cfb/players/dwayne-haskins-1.html,75,231,5.04,,28.5,,,,Big Ten,22,2,,,,,,,,,,,,,,413,590,70.0,5396,54,9,174.0,,,,,,,,,,,,,,,,,,,,,,,,,,,,,,2019
Phil Haynes,OL,Wake Forest,4,124,https://www.sports-reference.com/cfb/players/phil-haynes-1.html,76,322,5.2,33.0,31.0,108.0,7.76,4.95,ACC,2,2,2,0,2,0.0,0.0,0,0,0,0,0,,,0,,,,,,,,,,,,,,,,,,,,,,,,,,,,,,,,,,,,,2019
Daniel Helm,TE,Duke,0,0,https://www.sports-reference.com/cfb/players/daniel-helm-1.html,76,249,4.89,14.0,,,,,SEC,39,4,,,,,,,,,,,,,,,,,,,,,69,767,11.1,6,0,0,,0,69,767,11.1,6,,,,,,,,,,,,,,,,,,2019
Darrell Henderson,RB,Memphis,3,70,https://www.sports-reference.com/cfb/players/darrell-henderson-1.html,68,208,4.49,22.0,33.5,121.0,,,American,38,3,,,,,,,,,,,,,,,,,,,,,63,758,12.0,8,431,3545,8.2,36,494,4303,8.7,44,,,,,,,,,,,,,,,,,,2019
Nate Herbig,OL,Stanford,0,0,https://www.sports-reference.com/cfb/players/nate-herbig-1.html,75,335,5.41,29.0,24.0,90.0,8.15,5.04,Pac-12,1,1,1,0,1,0.0,0.0,0,0,0,0,0,,,1,,,,,,,,,,,,,,,,,,,,,,,,,,,,,,,,,,,,,2019
Karan Higdon,RB,Michigan,0,0,https://www.sports-reference.com/cfb/players/karan-higdon-1.html,69,206,4.49,21.0,34.0,123.0,,,Big Ten,39,4,,,,,,,,,,,,,,,,,,,,,16,177,11.1,0,471,2616,5.6,27,487,2793,5.7,27,,,,,,,,,,,,,,,,,,2019
Justice Hill,RB,Oklahoma State,4,113,https://www.sports-reference.com/cfb/players/justice-hill-1.html,70,198,4.4,21.0,40.0,130.0,,,Big 12,36,3,,,,,,,,,,,,,,,,,,,,,49,304,6.2,1,632,3539,5.6,30,681,3843,5.6,31,,,,,,,,,,,,,,,,,,2019
Trysten Hill,DL,Central Florida,2,58,https://www.sports-reference.com/cfb/players/trysten-hill-1.html,75,308,5.04,28.0,35.0,115.0,7.7,4.38,American,33,3,40,31,71,20.0,6.0,0,0,0,0,0,,,1,,,,,,,,,,,,,,,,,,,,,,,,,,,,,,,,,,,,,2019
T.J. Hockenson,TE,Iowa,1,8,https://www.sports-reference.com/cfb/players/tj-hockenson-1.html,77,251,4.7,17.0,37.5,123.0,7.02,4.18,Big Ten,23,2,,,,,,,,,,,,,,,,,,,,,73,1080,14.8,9,1,4,4.0,1,74,1084,14.6,10,,,,,,,,,,,,,,,,,,2019
Alijah Holder,CB,Stanford,0,0,https://www.sports-reference.com/cfb/players/alijah-holder-1.html,73,191,4.6,9.0,36.0,121.0,6.7,4.15,Pac-12,36,4,89,42,131,6.5,0.0,2,63,1,24,0,,,5,,,,,,,,,,,,,,,,,,,,,,,,,,,,,,,,,,,,,2019
Justin Hollins,EDGE,Oregon,5,156,https://www.sports-reference.com/cfb/players/justin-hollins-1.html,77,248,4.5,25.0,36.5,119.0,7.06,4.4,Pac-12,45,4,98,86,184,36.0,14.0,2,18,1,8,3,,,7,,,,,,,,,,,,,,,,,,,,,,,,,,,,,,,,,,,,,2019
Elijah Holyfield,RB,Georgia,0,0,https://www.sports-reference.com/cfb/players/elijah-holyfield-1.html,70,217,4.78,26.0,29.5,118.0,,,SEC,27,3,,,,,,,,,,,,,,,,,,,,,7,63,9.0,0,215,1340,6.2,9,222,1403,6.3,9,,,,,,,,,,,,,,,,,,2019
Travis Homer,RB,Miami (FL),6,204,https://www.sports-reference.com/cfb/players/travis-homer-1.html,70,201,4.48,17.0,39.5,130.0,7.07,4.31,ACC,33,3,,,,,,,,,,,,,,,,,,,,,37,405,10.9,1,334,1995,6.0,12,371,2400,6.5,13,,,,,,,,,,,,,,,,,,2019
Amani Hooker,S,Iowa,4,116,https://www.sports-reference.com/cfb/players/amani-hooker-1.html,71,210,4.48,14.0,37.0,123.0,6.81,4.1,Big Ten,25,3,80,45,125,3.5,1.0,6,90,1,9,0,,,0,,,,,,,,,,,,,,,,,,,,,,,,,,,,,,,,,,,,,2019
Albert Huggins,DL,Clemson,0,0,https://www.sports-reference.com/cfb/players/albert-huggins-1.html,75,305,5.12,35.0,25.5,101.0,7.84,4.84,ACC,34,4,34,35,69,13.0,7.5,1,0,0,1,0,,,0,,,,,,,,,,,,,,,,,,,,,,,,,,,,,,,,,,,,,2019
Lil'Jordan Humphrey,WR,Texas,0,0,https://www.sports-reference.com/cfb/players/liljordan-humphrey-1.html,76,210,4.75,13.0,33.5,119.0,7.09,4.29,Big 12,28,3,,,,,,,,,,,,,,,,,,,,,125,1622,13.0,10,12,66,5.5,2,137,1688,12.3,12,,,,,,,,,,,,,,,,,,2019
Jalen Hurd,WR,Baylor,3,67,https://www.sports-reference.com/cfb/players/jalen-hurd-1.html,77,226,,23.0,,,,,SEC,45,4,,,,,,,,,,,,,,,,,,,,,69,946,13.7,4,48,209,4.4,3,117,1155,9.9,7,,,,,,,,,,,,,,,,,,2019
Mitch Hyatt,OT,Clemson,0,0,https://www.sports-reference.com/cfb/players/mitch-hyatt-1.html,77,303,,28.0,25.5,102.0,7.72,4.52,ACC,4,3,2,0,2,0.0,0.0,0,0,0,0,0,,,0,,,,,,,,,,,,,,,,,,,,,,,,,,,,,,,,,,,,,2019
Alec Ingold,FB,Wisconsin,0,0,https://www.sports-reference.com/cfb/players/alec-ingold-1.html,73,242,4.89,16.0,34.0,116.0,7.35,4.32,Big Ten,36,4,,,,,,,,,,,,,,,,,,,,,14,185,13.2,4,103,343,3.3,17,117,528,4.5,21,,,,,,,,,,,,,,,,,,2019
Andy Isabella,WR,Massachusetts,2,62,https://www.sports-reference.com/cfb/players/andy-isabella-1.html,69,188,4.31,15.0,36.5,121.0,6.95,4.15,MAC,44,4,,,,,,,,,,,,,,,,,,,,,231,3526,15.3,30,40,342,8.6,2,271,3868,14.3,32,,,,,,,,,,,,,,,,,,2019
Martez Ivey,OL,Florida,0,0,https://www.sports-reference.com/cfb/players/martez-ivey-1.html,77,315,,,,,,,SEC,1,1,2,0,2,0.0,0.0,0,0,0,0,0,,,0,,,,,,,,,,,,,,,,,,,,,,,,,,,,,,,,,,,,,2019
Joe Jackson,DL,Miami (FL),5,165,https://www.sports-reference.com/cfb/players/joe-jackson-3.html,76,275,,22.0,27.0,109.0,,,ACC,35,3,65,64,129,35.5,22.5,1,42,1,5,2,,1,5,,,,,,,,,,,,,,,,,,,,,,,,,,,,,,,,,,,,,2019
Mike Jackson,CB,Miami (FL),5,158,https://www.sports-reference.com/cfb/players/michael-jackson-6.html,73,210,4.45,13.0,40.5,130.0,7.12,4.12,ACC,36,4,64,33,97,6.5,3.5,4,0,0,11,2,,1,0,,,,,,,,,,,,,,,,,,,,,,,,,,,,,,,,,,,,,2019
Tyree Jackson,QB,Buffalo,0,0,https://www.sports-reference.com/cfb/players/tyree-jackson-1.html,79,249,4.59,,34.5,120.0,7.09,4.28,MAC,32,3,,,,,,,,,,,,,,533,955,55.8,6999,49,24,129.3,,,,,,,,,,,,,,,,,,,,,,,,,,,,,,2019
Josh Jacobs,RB,Alabama,1,24,https://www.sports-reference.com/cfb/players/joshua-jacobs-1.html,70,220,,,,,,,SEC,40,3,,,,,,,,,,,,,,,,,,,,,48,571,11.9,5,251,1491,5.9,16,299,2062,6.9,21,,,,,,,,,,,,,,,,,,2019
Andre James,OT,UCLA,0,0,https://www.sports-reference.com/cfb/players/andre-james-1.html,76,299,5.32,21.0,29.0,105.0,8.0,4.84,,,,,,,,,,,,,,,,,,,,,,,,,,,,,,,,,,,,,,,,,,,,,,,,,,,,,2019
Cece Jefferson,EDGE,Florida,0,0,https://www.sports-reference.com/cfb/players/cece-jefferson-1.html,73,266,5.02,17.0,30.5,108.0,7.5,4.53,SEC,45,4,61,62,123,34.5,10.5,0,0,0,4,2,,,1,,,,,,,,,,,,,,,,,,,,,,,,,,,,,,,,,,,,,2019
Jalen Jelks,EDGE,Oregon,7,241,https://www.sports-reference.com/cfb/players/jalen-jelks-1.html,77,256,4.92,19.0,32.5,113.0,7.22,4.59,Pac-12,39,4,92,63,155,30.0,15.5,1,1,0,11,1,,,1,,,,,,,,,,,,,,,,,,,,,,,,,,,,,,,,,,,,,2019
Elgton Jenkins,OL,Mississippi State,2,44,https://www.sports-reference.com/cfb/players/elgton-jenkins-1.html,76,310,,29.0,28.0,109.0,7.77,4.62,SEC,2,2,2,0,2,0.0,0.0,0,0,0,0,0,,,0,,,,,,,,,,,,,,,,,,,,,,,,,,,,,,,,,,,,,2019
Gary Jennings,WR,West Virginia,4,120,https://www.sports-reference.com/cfb/players/gary-jennings-1.html,73,214,4.42,20.0,37.0,127.0,7.32,4.15,Big 12,45,4,,,,,,,,,,,,,,,,,,,,,168,2294,13.7,17,0,0,,0,168,2294,13.7,17,,,,,,,,,,,,,,,,,,2019
Anthony Johnson,WR,Buffalo,0,0,https://www.sports-reference.com/cfb/players/anthony-johnson-13.html,74,209,,18.0,32.5,122.0,7.12,,MAC,24,2,,,,,,,,,,,,,,,,,,,,,133,2367,17.8,25,4,-5,-1.3,0,137,2362,17.2,25,,,,,,,,,,,,,,,,,,2019
Diontae Johnson,WR,Toledo,3,66,https://www.sports-reference.com/cfb/players/diontae-johnson-1.html,70,183,4.53,15.0,33.5,123.0,7.09,4.45,MAC,38,3,,,,,,,,,,,,,,,,,,,,,135,2235,16.6,23,4,26,6.5,0,139,2261,16.3,23,,,,,,,,,,,,,,,,,,2019
Fred Johnson,OL,Florida,0,0,https://www.sports-reference.com/cfb/players/fred-johnson-3.html,79,326,,,,,,,,,,,,,,,,,,,,,,,,,,,,,,,,,,,,,,,,,,,,,,,,,,,,,,,,,,,2019
Gary Johnson,LB,Texas,0,0,https://www.sports-reference.com/cfb/players/gary-johnson-4.html,72,226,4.43,16.0,33.5,121.0,7.15,4.57,Big 12,23,2,99,48,147,22.5,8.5,0,0,0,2,1,,,2,,,,,,,,,,,,,,,,,,,,,,,,,,,,,,,,,,,,,2019
Isaiah Johnson,CB,Houston,4,129,https://www.sports-reference.com/cfb/players/isaiah-johnson-4.html,74,208,4.4,,36.5,133.0,6.81,4.06,American,34,4,88,27,115,2.0,0.0,4,94,0,12,0,,,0,,,,,,,,,,,,,,,,,,,,,,,,,,,,,,,,,,,,,2019
Jaquan Johnson,S,Miami (FL),6,181,https://www.sports-reference.com/cfb/players/jaquan-johnson-1.html,70,191,4.69,18.0,33.0,121.0,,,ACC,48,4,139,113,252,7.5,2.5,8,77,1,7,3,,,6,,,,,,,,,,,,,,,,,,,,,,,,,,,,,,,,,,,,,2019
Keesean Johnson,WR,Fresno State,6,174,https://www.sports-reference.com/cfb/players/keesean-johnson-1.html,73,201,4.6,14.0,30.0,117.0,7.28,4.23,MWC,51,4,,,,,,,,,,,,,,,,,,,,,275,3463,12.6,24,8,27,3.4,0,283,3490,12.3,24,,,,,,,,,,,,,,,,,,2019
Lonnie Johnson,CB,Kentucky,2,54,https://www.sports-reference.com/cfb/players/lonnie-johnson-4.html,74,213,4.52,15.0,38.0,129.0,7.01,4.1,SEC,22,2,52,12,64,3.0,1.0,1,24,0,9,0,,,1,,,,,,,,,,,,,,,,,,,,,,,,,,,,,,,,,,,,,2019
Bisi Johnson,WR,Colorado State,7,247,https://www.sports-reference.com/cfb/players/olabisi-johnson-1.html,72,204,4.51,14.0,38.0,124.0,6.88,4.16,MWC,38,4,,,,,,,,,,,,,,,,,,,,,125,2019,16.2,11,1,13,13.0,0,126,2032,16.1,11,,,,,,,,,,,,,,,,,,2019
Daniel Jones,QB,Duke,1,6,https://www.sports-reference.com/cfb/players/daniel-jones-4.html,77,221,4.81,,33.5,120.0,7.0,4.41,ACC,36,3,,,,,,,,,,,,,,764,1275,59.9,8201,52,29,122.9,,,,,,,,,,,,,,,,,,,,,,,,,,,,,,2019
Dre'Mont Jones,DL,Ohio State,3,71,https://www.sports-reference.com/cfb/players/dremont-jones-1.html,75,281,5.12,,31.5,110.0,7.71,4.53,Big Ten,37,3,58,56,114,22.0,9.5,1,28,1,4,3,,1,1,,,,,,,,,,,,,,,,,,,,,,,,,,,,,,,,,,,,,2019
Jordan Jones,LB,Kentucky,0,0,https://www.sports-reference.com/cfb/players/jordan-jones-2.html,74,234,4.62,23.0,32.5,123.0,,4.37,SEC,39,4,144,107,251,28.5,7.5,0,0,0,9,2,,,3,,,,,,,,,,,,,,,,,,,,,,,,,,,,,,,,,,,,,2019
Tyler Jones,OT,North Carolina State,0,0,https://www.sports-reference.com/cfb/players/tyler-jones-5.html,75,306,,23.0,31.5,111.0,7.75,4.82,ACC,4,1,3,2,5,0.0,0.0,0,0,0,0,0,,,0,,,,,,,,,,,,,,,,,,,,,,,,,,,,,,,,,,,,,2019
Michael Jordan,OT,Ohio State,4,136,https://www.sports-reference.com/cfb/players/michael-jordan-3.html,78,312,5.27,19.0,32.5,116.0,7.71,4.71,,,,,,,,,,,,,,,,,,,,,,,,,,,,,,,,,,,,,,,,,,,,,,,,,,,,,2019
Kendall Joseph,LB,Clemson,0,0,https://www.sports-reference.com/cfb/players/kendall-joseph-1.html,72,233,,25.0,,,,,ACC,44,4,136,149,285,22.0,7.5,2,37,0,2,1,,,3,,,,,,,,,,,,,,,,,,,,,,,,,,,,,,,,,,,,,2019
Vosean Joseph,LB,Florida,5,147,https://www.sports-reference.com/cfb/players/vosean-joseph-1.html,73,230,,,,,,,SEC,30,3,69,92,161,14.0,4.0,1,0,0,7,2,,,1,,,,,,,,,,,,,,,,,,,,,,,,,,,,,,,,,,,,,2019
Kingsley Keke,DL,Texas A&M,5,150,https://www.sports-reference.com/cfb/players/kingsley-keke-1.html,75,288,4.95,,31.5,111.0,7.55,4.46,SEC,43,4,57,93,150,21.0,12.5,0,0,0,7,3,,,1,,,,,,,,,,,,,,,,,,,,,,,,,,,,,,,,,,,,,2019
Brandon Knight,OT,Indiana,0,0,https://www.sports-reference.com/cfb/players/brandon-knight-2.html,76,314,,,,,,,Big Ten,1,1,,,,,,,,,,,,,,,,,,,,,1,22,22.0,1,0,0,,0,1,22,22.0,1,,,,,,,,,,,,,,,,,,2019
Dawson Knox,TE,Mississippi,3,96,https://www.sports-reference.com/cfb/players/dawson-knox-1.html,76,254,,16.0,34.5,,7.12,4.27,SEC,18,3,,,,,,,,,,,,,,,,,,,,,39,605,15.5,0,0,0,,0,39,605,15.5,0,,,,,,,,,,,,,,,,,,2019
Tre Lamar,LB,Clemson,0,0,https://www.sports-reference.com/cfb/players/tre-lamar-1.html,75,253,,,,,,,ACC,34,3,59,87,146,13.5,8.0,1,43,0,3,1,,,1,,,,,,,,,,,,,,,,,,,,,,,,,,,,,,,,,,,,,2019
Dexter Lawrence,DL,Clemson,1,17,https://www.sports-reference.com/cfb/players/dexter-lawrence-1.html,76,342,5.05,36.0,,,,,ACC,38,3,50,81,131,18.0,10.0,1,0,0,4,3,,,1,,,,,,,,,,,,,,,,,,,,,,,,,,,,,,,,,,,,,2019
Justin Layne,CB,Michigan State,3,83,https://www.sports-reference.com/cfb/players/justin-layne-1.html,74,192,4.5,,37.5,134.0,6.9,4.09,Big Ten,31,3,79,51,130,4.5,0.5,3,49,1,24,0,,,1,,,,,,,,,,,,,,,,,,,,,,,,,,,,,,,,,,,,,2019
Jonathan Ledbetter,DL,Georgia,0,0,https://www.sports-reference.com/cfb/players/jonathan-ledbetter-1.html,76,280,5.14,22.0,26.5,108.0,,,SEC,36,4,42,80,122,14.5,4.5,0,0,0,0,0,,,2,,,,,,,,,,,,,,,,,,,,,,,,,,,,,,,,,,,,,2019
Iman Lewis-Marshall,CB,USC,4,127,https://www.sports-reference.com/cfb/players/iman-marshall-1.html,73,207,4.53,16.0,,,,,Pac-12,48,4,146,72,218,9.5,0.0,6,27,0,36,0,,,1,,,,,,,,,,,,,,,,,,,,,,,,,,,,,,,,,,,,,2019
Chris Lindstrom,OL,Boston Col.,1,14,https://www.sports-reference.com/cfb/players/chris-lindstrom-1.html,76,308,4.91,25.0,30.5,117.0,7.61,4.54,ACC,2,2,2,0,2,0.0,0.0,0,0,0,0,0,,,0,,,,,,,,,,,,,,,,,,,,,,,,,,,,,,,,,,,,,2019
Greg Little,OT,Mississippi,2,37,https://www.sports-reference.com/cfb/players/greg-little-2.html,77,310,5.33,,25.0,113.0,,4.74,,,,,,,,,,,,,,,,,,,,,,,,,,,,,,,,,,,,,,,,,,,,,,,,,,,,,2019
Drew Lock,QB,Missouri,2,42,https://www.sports-reference.com/cfb/players/drew-lock-1.html,76,228,4.69,,31.0,112.0,7.03,4.12,SEC,50,4,,,,,,,,,,,,,,883,1553,56.9,12193,99,39,138.8,,,,,,,,,,,,,,,,,,,,,,,,,,,,,,2019
Damarkus Lodge,WR,Mississippi,0,0,https://www.sports-reference.com/cfb/players/demarkus-lodge-1.html,74,202,4.55,11.0,33.5,119.0,7.06,4.53,,,,,,,,,,,,,,,,,,,,,,,,,,,,,,,,,,,,,,,,,,,,,,,,,,,,,2019
David Long,CB,Michigan,3,79,https://www.sports-reference.com/cfb/players/david-long-3.html,71,196,4.45,15.0,39.5,120.0,6.45,3.97,Big Ten,24,2,21,16,37,2.0,0.5,3,120,0,12,0,,,0,,,,,,,,,,,,,,,,,,,,,,,,,,,,,,,,,,,,,2019
Bryce Love,RB,Stanford,4,112,https://www.sports-reference.com/cfb/players/bryce-love-1.html,69,200,,18.0,,,,,Pac-12,49,4,,,,,,,,,,,,,,,,,,,,,49,465,9.5,2,569,3865,6.8,30,618,4330,7.0,32,,,,,,,,,,,,,,,,,,2019
Julian Love,CB,Notre Dame,4,108,https://www.sports-reference.com/cfb/players/julian-love-1.html,71,195,4.54,14.0,36.0,121.0,6.72,4.1,Ind,38,3,126,50,176,6.0,0.0,5,159,2,39,4,,1,2,,,,,,,,,,,,,,,,,,,,,,,,,,,,,,,,,,,,,2019
Alize Mack,TE,Notre Dame,7,231,https://www.sports-reference.com/cfb/players/alize-mack-1.html,76,249,4.7,22.0,36.0,120.0,7.27,4.34,Ind,24,3,,,,,,,,,,,,,,,,,,,,,68,716,10.5,4,0,0,,0,68,716,10.5,4,,,,,,,,,,,,,,,,,,2019
Daylon Mack,DL,Texas A&M,5,160,https://www.sports-reference.com/cfb/players/daylon-mack-1.html,73,336,5.1,30.0,27.0,102.0,8.02,4.95,SEC,47,4,52,56,108,27.0,8.0,0,0,0,2,0,,,2,,,,,,,,,,,,,,,,,,,,,,,,,,,,,,,,,,,,,2019
Alexander Mattison,RB,Boise State,3,102,https://www.sports-reference.com/cfb/players/alexander-mattison-1.html,71,221,4.67,22.0,35.0,127.0,7.13,4.29,MWC,38,3,,,,,,,,,,,,,,,,,,,,,60,511,8.5,1,581,2829,4.9,33,641,3340,5.2,34,,,,,,,,,,,,,,,,,,2019
Erik McCoy,OL,Texas A&M,2,48,https://www.sports-reference.com/cfb/players/erik-mccoy-1.html,76,303,4.89,29.0,31.0,107.0,8.28,4.62,,,,,,,,,,,,,,,,,,,,,,,,,,,,,,,,,,,,,,,,,,,,,,,,,,,,,2019
Kaleb McGary,OT,Washington,1,31,https://www.sports-reference.com/cfb/players/kaleb-mcgary-1.html,79,317,5.05,23.0,33.5,111.0,7.66,4.58,Pac-12,2,2,2,0,2,0.0,0.0,0,0,0,0,0,,,0,,,,,,,,,,,,,,,,,,,,,,,,,,,,,,,,,,,,,2019
Connor McGovern,OL,Penn State,3,90,https://www.sports-reference.com/cfb/players/connor-mcgovern-2.html,77,308,,28.0,,112.0,7.66,4.57,Big Ten,1,1,1,0,1,0.0,0.0,0,0,0,0,0,,,0,,,,,,,,,,,,,,,,,,,,,,,,,,,,,,,,,,,,,2019
Mark McLaurin,S,Mississippi State,0,0,https://www.sports-reference.com/cfb/players/mark-mclaurin-1.html,73,212,4.77,12.0,36.0,,,4.46,SEC,49,4,114,110,224,10.0,2.5,8,112,0,18,3,,1,2,,,,,,,,,,,,,,,,,,,,,,,,,,,,,,,,,,,,,2019
Terry McLaurin,WR,Ohio State,3,76,https://www.sports-reference.com/cfb/players/terry-mclaurin-1.html,72,208,4.35,18.0,37.5,125.0,7.01,4.15,Big Ten,44,4,,,,,,,,,,,,,,,,,,,,,75,1251,16.7,19,0,0,,0,75,1251,16.7,19,,,,,,,,,,,,,,,,,,2019
Trace McSorley,QB,Penn State,6,197,https://www.sports-reference.com/cfb/players/trace-mcsorley-1.html,72,202,4.57,,33.0,115.0,7.09,4.12,Big Ten,46,4,,,,,,,,,,,,,,720,1215,59.3,9899,77,25,144.5,,,,,,,,,,,,,,,,,,,,,,,,,,,,,,2019
D.K. Metcalf,WR,Mississippi,2,64,https://www.sports-reference.com/cfb/players/dk-metcalf-1.html,75,228,4.33,27.0,40.5,134.0,7.38,4.5,SEC,21,3,,,,,,,,,,,,,,,,,,,,,67,1228,18.3,14,0,0,,0,67,1228,18.3,14,,,,,,,,,,,,,,,,,,2019
Jakobi Meyers,WR,North Carolina State,0,0,https://www.sports-reference.com/cfb/players/jokobi-meyers-1.html,74,203,4.63,13.0,37.0,118.0,7.07,4.23,,,,,,,,,,,,,,,,,,,,,,,,,,,,,,,,,,,,,,,,,,,,,,,,,,,,,2019
Christian Miller,EDGE,Alabama,4,115,https://www.sports-reference.com/cfb/players/christian-miller-2.html,75,247,,,38.5,118.0,,,SEC,28,4,25,31,56,15.5,11.0,0,0,0,2,1,,,0,,,,,,,,,,,,,,,,,,,,,,,,,,,,,,,,,,,,,2019
Jordan Miller,CB,Washington,5,172,https://www.sports-reference.com/cfb/players/jordan-miller-3.html,73,186,4.49,6.0,37.0,125.0,,,Pac-12,27,4,48,13,61,2.0,0.0,6,57,0,11,1,,,3,,,,,,,,,,,,,,,,,,,,,,,,,,,,,,,,,,,,,2019
Shareef Miller,EDGE,Penn State,4,138,https://www.sports-reference.com/cfb/players/shareef-miller-1.html,76,254,4.69,16.0,29.5,,,4.45,Big Ten,34,3,58,42,100,31.5,14.5,0,0,0,0,2,,,1,,,,,,,,,,,,,,,,,,,,,,,,,,,,,,,,,,,,,2019
Gardner Minshew,QB,Washington State,6,178,https://www.sports-reference.com/cfb/players/gardner-minshew-1.html,73,225,4.97,,33.5,116.0,7.14,4.45,American,30,3,,,,,,,,,,,,,,468,662,70.7,4779,38,9,147.6,,,,,,,,,,,,,,,,,,,,,,,,,,,,,,2019
Dillon Mitchell,WR,Oregon,7,239,https://www.sports-reference.com/cfb/players/dillon-mitchell-1.html,73,197,4.46,12.0,36.5,122.0,,4.29,Pac-12,29,3,,,,,,,,,,,,,,,,,,,,,119,1710,14.4,14,5,11,2.2,0,124,1721,13.9,14,,,,,,,,,,,,,,,,,,2019
David Montgomery,RB,Iowa State,3,73,https://www.sports-reference.com/cfb/players/david-montgomery-1.html,70,222,4.63,15.0,28.5,121.0,,,Big 12,37,3,,,,,,,,,,,,,,,,,,,,,71,582,8.2,0,624,2925,4.7,26,695,3507,5.0,26,,,,,,,,,,,,,,,,,,2019
Jalin Moore,RB,Appalachian State,0,0,https://www.sports-reference.com/cfb/players/jalin-moore-1.html,70,212,,27.0,,,,,Sun Belt,40,4,,,,,,,,,,,,,,,,,,,,,23,235,10.2,1,582,3570,6.1,33,605,3805,6.3,34,,,,,,,,,,,,,,,,,,2019
Foster Moreau,TE,LSU,4,137,https://www.sports-reference.com/cfb/players/foster-moreau-1.html,76,253,4.66,22.0,36.5,121.0,7.16,4.11,SEC,30,4,,,,,,,,,,,,,,,,,,,,,52,629,12.1,6,0,0,,0,52,629,12.1,6,,,,,,,,,,,,,,,,,,2019
Stanley Morgan,WR,Nebraska,0,0,https://www.sports-reference.com/cfb/players/stanley-morgan-jr-1.html,72,202,4.53,14.0,38.5,125.0,6.78,4.13,Big Ten,47,4,,,,,,,,,,,,,,,,,,,,,189,2747,14.5,22,3,6,2.0,0,192,2753,14.3,22,,,,,,,,,,,,,,,,,,2019
Trayvon Mullen,CB,Clemson,2,40,https://www.sports-reference.com/cfb/players/trayvon-mullen-1.html,73,199,4.46,,34.5,123.0,,,ACC,32,3,68,25,93,4.5,2.0,4,46,0,7,0,,,1,,,,,,,,,,,,,,,,,,,,,,,,,,,,,,,,,,,,,2019
Byron Murphy,CB,Washington,2,33,https://www.sports-reference.com/cfb/players/byron-murphy-1.html,71,190,4.55,14.0,36.5,120.0,,,Pac-12,20,2,50,24,74,7.0,1.0,6,95,1,20,0,,,2,,,,,,,,,,,,,,,,,,,,,,,,,,,,,,,,,,,,,2019
Kyler Murray,QB,Oklahoma,1,1,https://www.sports-reference.com/cfb/players/kyler-murray-1.html,70,207,,,,,,,SEC,29,3,,,,,,,,,,,,,,278,398,69.8,4720,45,7,203.3,,,,,,,,,,,,,,,,,,,,,,,,,,,,,,2019
Nyqwan Murray,WR,Florida State,0,0,https://www.sports-reference.com/cfb/players/nyqwan-murray-1.html,70,191,4.63,8.0,34.0,113.0,7.2,4.4,ACC,35,4,,,,,,,,,,,,,,,,,,,,,127,1854,14.6,12,8,19,2.4,0,135,1873,13.9,12,,,,,,,,,,,,,,,,,,2019
Isaac Nauta,TE,Georgia,7,224,https://www.sports-reference.com/cfb/players/isaac-nauta-1.html,75,244,4.91,19.0,28.0,,7.45,4.43,SEC,33,3,,,,,,,,,,,,,,,,,,,,,68,905,13.3,8,0,31,,1,68,936,13.8,9,,,,,,,,,,,,,,,,,,2019
Anthony Nelson,DL,Iowa,4,107,https://www.sports-reference.com/cfb/players/anthony-nelson-1.html,79,271,4.82,18.0,35.5,118.0,6.95,4.23,Big Ten,37,3,59,60,119,31.0,23.0,0,0,0,7,1,,1,4,,,,,,,,,,,,,,,,,,,,,,,,,,,,,,,,,,,,,2019
Yosh Nijman,OT,Virginia Tech,0,0,https://www.sports-reference.com/cfb/players/yosuah-nijman-1.html,79,324,,27.0,,114.0,8.07,4.5,ACC,1,1,0,1,1,0.0,0.0,0,0,0,0,0,,,0,,,,,,,,,,,,,,,,,,,,,,,,,,,,,,,,,,,,,2019
Bobby Okereke,LB,Stanford,3,89,https://www.sports-reference.com/cfb/players/bobby-okereke-1.html,73,239,4.58,,33.5,122.0,7.25,4.26,Pac-12,44,4,122,105,227,20.0,10.5,1,52,1,8,1,,,3,,,,,,,,,,,,,,,,,,,,,,,,,,,,,,,,,,,,,2019
Ed Oliver,DL,Houston,1,9,https://www.sports-reference.com/cfb/players/ed-oliver-2.html,74,287,,32.0,36.0,120.0,,,American,32,3,122,70,192,53.0,13.5,0,0,0,11,1,,,5,,,,,,,,,,,,,,,,,,,,,,,,,,,,,,,,,,,,,2019
Josh Oliver,TE,San Jose State,3,69,https://www.sports-reference.com/cfb/players/josh-oliver-1.html,77,249,4.63,22.0,34.0,117.0,7.21,4.47,MWC,30,4,,,,,,,,,,,,,,,,,,,,,98,1067,10.9,7,1,7,7.0,0,99,1074,10.8,7,,,,,,,,,,,,,,,,,,2019
Qadree Ollison,RB,Pittsburgh,5,152,https://www.sports-reference.com/cfb/players/oadree-ollison-1.html,73,228,4.58,19.0,29.5,114.0,7.53,4.31,ACC,49,4,,,,,,,,,,,,,,,,,,,,,50,375,7.5,3,529,2859,5.4,29,579,3234,5.6,32,,,,,,,,,,,,,,,,,,2019
Charles Omenihu,DL,Texas,5,161,https://www.sports-reference.com/cfb/players/charles-omenihu-1.html,77,280,4.92,,36.5,115.0,7.48,4.36,Big 12,48,4,85,30,115,30.0,16.5,0,0,0,1,2,,,4,,,,,,,,,,,,,,,,,,,,,,,,,,,,,,,,,,,,,2019
Amani Oruwariye,CB,Penn State,5,146,https://www.sports-reference.com/cfb/players/amani-oruwariye-1.html,74,205,4.47,17.0,36.5,120.0,6.82,4.16,Big Ten,38,4,72,34,106,1.0,0.0,8,45,1,20,0,,,1,,,,,,,,,,,,,,,,,,,,,,,,,,,,,,,,,,,,,2019
Javon Patterson,OL,Mississippi,7,246,https://www.sports-reference.com/cfb/players/javon-patterson-1.html,75,307,5.13,27.0,27.5,98.0,7.72,4.78,,,,,,,,,,,,,,,,,,,,,,,,,,,,,,,,,,,,,,,,,,,,,,,,,,,,,2019
Jamal Peters,CB,Mississippi State,0,0,https://www.sports-reference.com/cfb/players/jamal-peters-1.html,74,218,4.63,,,,,,SEC,41,4,56,43,99,3.5,1.0,3,90,1,10,1,,,2,,,,,,,,,,,,,,,,,,,,,,,,,,,,,,,,,,,,,2019
Ross Pierschbacher,OT,Alabama,5,153,https://www.sports-reference.com/cfb/players/ross-pierschbacher-1.html,76,307,5.2,20.0,22.5,,7.83,4.7,SEC,1,1,1,0,1,0.0,0.0,0,0,0,0,0,,,0,,,,,,,,,,,,,,,,,,,,,,,,,,,,,,,,,,,,,2019
Jachai Polite,EDGE,Florida,3,68,https://www.sports-reference.com/cfb/players/jachai-polite-1.html,75,258,4.84,,32.0,,,,SEC,29,3,44,34,78,28.5,15.0,0,0,0,4,0,,,8,,,,,,,,,,,,,,,,,,,,,,,,,,,,,,,,,,,,,2019
Tony Pollard,RB,Memphis,4,128,https://www.sports-reference.com/cfb/players/tony-pollard-1.html,72,210,4.52,13.0,35.0,121.0,,,American,40,3,,,,,,,,,,,,,,,,,,,,,104,1292,12.4,9,139,941,6.8,9,243,2233,9.2,18,,,,,,,,,,,,,,,,,,2019
Ryan Pope,OT,San Diego State,0,0,https://www.sports-reference.com/cfb/players/ryan-pope-1.html,79,320,,25.0,,,,,MWC,1,1,1,0,1,0.0,0.0,0,0,0,0,0,,,0,,,,,,,,,,,,,,,,,,,,,,,,,,,,,,,,,,,,,2019
Ben Powers,OL,Oklahoma,4,123,https://www.sports-reference.com/cfb/players/ben-powers-1.html,76,307,,21.0,,,,,Big 12,4,3,4,0,4,0.0,0.0,0,0,0,0,0,,,0,,,,,,,,,,,,,,,,,,,,,,,,,,,,,,,,,,,,,2019
Germaine Pratt,LB,North Carolina State,3,72,https://www.sports-reference.com/cfb/players/germaine-pratt-1.html,74,240,4.57,24.0,32.5,116.0,,,ACC,47,4,121,114,235,17.0,6.0,4,102,1,9,3,,,3,,,,,,,,,,,,,,,,,,,,,,,,,,,,,,,,,,,,,2019
Isaiah Prince,OT,Ohio State,6,202,https://www.sports-reference.com/cfb/players/isiah-prince-1.html,78,305,5.09,23.0,27.0,115.0,7.9,5.02,Big Ten,2,2,2,0,2,0.0,0.0,0,0,0,0,0,,,0,,,,,,,,,,,,,,,,,,,,,,,,,,,,,,,,,,,,,2019
Ryan Pulley,CB,Arkansas,0,0,https://www.sports-reference.com/cfb/players/ryan-pulley-1.html,71,209,4.61,11.0,31.0,111.0,,,SEC,30,3,69,24,93,4.0,1.0,6,83,1,20,1,,,1,,,,,,,,,,,,,,,,,,,,,,,,,,,,,,,,,,,,,2019
Taylor Rapp,S,Washington,2,61,https://www.sports-reference.com/cfb/players/tyler-rapp-2.html,72,208,,17.0,35.0,115.0,6.82,3.99,Pac-12,39,3,103,65,168,8.5,6.0,7,59,1,6,3,,,2,,,,,,,,,,,,,,,,,,,,,,,,,,,,,,,,,,,,,2019
Wyatt Ray,EDGE,Boston Col.,0,0,https://www.sports-reference.com/cfb/players/wyatt-ray-1.html,75,257,4.83,25.0,34.0,118.0,7.34,4.31,ACC,38,4,47,67,114,24.0,17.0,1,24,0,3,0,,,1,,,,,,,,,,,,,,,,,,,,,,,,,,,,,,,,,,,,,2019
Dax Raymond,TE,Utah State,0,0,https://www.sports-reference.com/cfb/players/dax-raymond-1.html,77,255,4.73,15.0,32.0,109.0,7.15,4.39,MWC,27,3,,,,,,,,,,,,,,,,,,,,,72,873,12.1,3,1,0,0.0,0,73,873,12.0,3,,,,,,,,,,,,,,,,,,2019
Sheldrick Redwine,S,Miami (FL),4,119,https://www.sports-reference.com/cfb/players/sheldrick-redwine-1.html,72,196,4.44,,39.0,130.0,,4.14,ACC,41,4,98,66,164,6.0,3.5,5,76,0,10,2,,,4,,,,,,,,,,,,,,,,,,,,,,,,,,,,,,,,,,,,,2019
Hunter Renfrow,WR,Clemson,5,149,https://www.sports-reference.com/cfb/players/hunter-renfrow-1.html,70,184,4.59,7.0,35.0,116.0,6.8,4.19,ACC,53,4,,,,,,,,,,,,,,,,,,,,,186,2133,11.5,15,0,0,,0,186,2133,11.5,15,,,,,,,,,,,,,,,,,,2019
Riley Ridley,WR,Georgia,4,126,https://www.sports-reference.com/cfb/players/riley-ridley-1.html,73,199,4.58,13.0,30.5,124.0,7.22,4.28,SEC,28,3,,,,,,,,,,,,,,,,,,,,,69,1015,14.7,13,4,46,11.5,0,73,1061,14.5,13,,,,,,,,,,,,,,,,,,2019
Dalton Risner,OT,Kansas State,2,41,https://www.sports-reference.com/cfb/players/dalton-risner-1.html,77,312,5.3,23.0,28.5,110.0,7.69,4.52,Big 12,1,1,1,0,1,0.0,0.0,0,0,0,0,0,,,0,,,,,,,,,,,,,,,,,,,,,,,,,,,,,,,,,,,,,2019
Tyler Roemer,OT,San Diego State,0,0,https://www.sports-reference.com/cfb/players/tyler-roemer-1.html,78,312,5.21,18.0,30.5,108.0,7.75,4.76,MWC,1,1,1,0,1,0.0,0.0,0,0,0,0,0,,,0,,,,,,,,,,,,,,,,,,,,,,,,,,,,,,,,,,,,,2019
Dontavius Russell,DL,Auburn,7,235,https://www.sports-reference.com/cfb/players/dontavius-russell-1.html,75,319,5.15,24.0,,,7.81,4.77,SEC,50,4,57,96,153,17.0,6.0,0,0,0,4,1,,,1,,,,,,,,,,,,,,,,,,,,,,,,,,,,,,,,,,,,,2019
Brett Rypien,QB,Boise State,0,0,https://www.sports-reference.com/cfb/players/brett-rypien-1.html,74,210,4.91,,33.0,116.0,7.1,4.29,MWC,50,4,,,,,,,,,,,,,,1035,1617,64.0,13578,90,29,149.3,,,,,,,,,,,,,,,,,,,,,,,,,,,,,,2019
Dru Samia,OT,Oklahoma,4,114,https://www.sports-reference.com/cfb/players/dru-samia-1.html,77,305,5.29,28.0,27.5,101.0,7.89,4.7,Big 12,1,1,1,0,1,0.0,0.0,0,0,0,0,0,,,0,,,,,,,,,,,,,,,,,,,,,,,,,,,,,,,,,,,,,2019
Drew Sample,TE,Washington,2,52,https://www.sports-reference.com/cfb/players/drew-sample-1.html,77,255,4.71,,33.5,115.0,7.15,4.31,Pac-12,31,4,,,,,,,,,,,,,,,,,,,,,46,487,10.6,5,0,0,,0,46,487,10.6,5,,,,,,,,,,,,,,,,,,2019
Deebo Samuel,WR,South Carolina,2,36,https://www.sports-reference.com/cfb/players/deebo-samuel-1.html,71,214,4.48,15.0,39.0,122.0,7.03,4.14,SEC,30,4,,,,,,,,,,,,,,,,,,,,,148,2076,14.0,16,25,154,6.2,7,173,2230,12.9,23,,,,,,,,,,,,,,,,,,2019
Miles Sanders,RB,Penn State,2,53,https://www.sports-reference.com/cfb/players/miles-sanders-1.html,71,211,4.49,20.0,36.0,124.0,6.89,4.19,Big Ten,36,3,,,,,,,,,,,,,,,,,,,,,32,193,6.0,1,276,1649,6.0,12,308,1842,6.0,13,,,,,,,,,,,,,,,,,,2019
Darnell Savage,S,Maryland,1,21,https://www.sports-reference.com/cfb/players/darnell-savage-jr-1.html,71,198,4.36,11.0,39.5,126.0,7.03,4.14,Big Ten,40,4,139,43,182,9.0,1.0,8,153,2,13,1,,,0,,,,,,,,,,,,,,,,,,,,,,,,,,,,,,,,,,,,,2019
Jordan Scarlett,RB,Florida,5,154,https://www.sports-reference.com/cfb/players/jordan-scarlett-1.html,71,208,4.47,21.0,30.0,116.0,7.37,4.63,SEC,35,3,,,,,,,,,,,,,,,,,,,,,15,108,7.2,0,344,1846,5.4,12,359,1954,5.4,12,,,,,,,,,,,,,,,,,,2019
Max Scharping,OT,Northern Illinois,2,55,https://www.sports-reference.com/cfb/players/max-scharping-1.html,78,327,,27.0,28.0,108.0,7.77,4.69,MAC,1,1,0,1,1,0.0,0.0,0,0,0,0,0,,,0,,,,,,,,,,,,,,,,,,,,,,,,,,,,,,,,,,,,,2019
Lj Scott,RB,Michigan State,0,0,https://www.sports-reference.com/cfb/players/lj-scott-2.html,72,227,,21.0,33.0,120.0,7.27,4.34,Big Ten,43,4,,,,,,,,,,,,,,,,,,,,,43,403,9.4,2,610,2855,4.7,25,653,3258,5.0,27,,,,,,,,,,,,,,,,,,2019
Austin Seibert,K,Oklahoma,5,170,https://www.sports-reference.com/cfb/players/austin-seibert-1.html,69,213,,,,,,,Big 12,54,4,,,,,,,,,,,,,,,,,,,,,,,,,,,,,,,,,,,,,,,,,315,98.4,63,79,79.7,499,179,7457,41.7,2019
Kendall Sheffield,CB,Ohio State,4,111,https://www.sports-reference.com/cfb/players/kendall-sheffield-1.html,71,193,,,,,,,SEC,27,2,58,17,75,4.0,0.0,2,0,0,15,1,,,2,,,,,,,,,,,,,,,,,,,,,,,,,,,,,,,,,,,,,2019
Kyle Shurmur,QB,Vanderbilt,0,0,https://www.sports-reference.com/cfb/players/kyle-shurmur-1.html,76,230,4.91,,29.5,106.0,7.51,4.53,SEC,44,4,,,,,,,,,,,,,,722,1264,57.1,8865,64,29,128.2,,,,,,,,,,,,,,,,,,,,,,,,,,,,,,2019
David Sills,WR,West Virginia,0,0,https://www.sports-reference.com/cfb/players/david-sills-1.html,75,211,4.57,14.0,37.5,117.0,6.97,4.28,Big 12,28,3,,,,,,,,,,,,,,,,,,,,,132,2097,15.9,35,0,14,,0,132,2111,16.0,35,,,,,,,,,,,,,,,,,,2019
Devin Singletary,RB,Florida Atlantic,3,74,https://www.sports-reference.com/cfb/players/devin-singletary-1.html,67,203,4.66,15.0,35.0,117.0,7.32,4.4,CUSA,38,3,,,,,,,,,,,,,,,,,,,,,51,397,7.8,1,714,4287,6.0,66,765,4684,6.1,67,,,,,,,,,,,,,,,,,,2019
Chris Slayton,DL,Syracuse,7,245,https://www.sports-reference.com/cfb/players/chris-slayton-1.html,76,307,5.13,28.0,29.0,101.0,,4.73,ACC,43,4,63,41,104,30.5,7.5,0,0,0,3,1,,,4,,,,,,,,,,,,,,,,,,,,,,,,,,,,,,,,,,,,,2019
Darius Slayton,WR,Auburn,5,171,https://www.sports-reference.com/cfb/players/darius-slayton-1.html,73,190,4.39,11.0,40.5,135.0,7.0,4.15,SEC,29,3,,,,,,,,,,,,,,,,,,,,,79,1605,20.3,11,0,0,,0,79,1605,20.3,11,,,,,,,,,,,,,,,,,,2019
Cameron Smith,LB,USC,5,162,https://www.sports-reference.com/cfb/players/cameron-smith-3.html,74,238,4.69,15.0,39.0,123.0,,4.23,Pac-12,46,4,208,146,354,26.5,3.5,4,126,1,14,3,,,1,,,,,,,,,,,,,,,,,,,,,,,,,,,,,,,,,,,,,2019
Irv Smith,TE,Alabama,2,50,https://www.sports-reference.com/cfb/players/irv-smith-jr-1.html,74,242,4.63,19.0,32.5,110.0,7.32,4.33,SEC,24,2,,,,,,,,,,,,,,,,,,,,,58,838,14.4,10,0,0,,0,58,838,14.4,10,,,,,,,,,,,,,,,,,,2019
Jaylen Smith,WR,Louisville,0,0,https://www.sports-reference.com/cfb/players/jaylen-smith-1.html,74,219,4.47,14.0,34.5,122.0,7.55,4.48,ACC,44,4,,,,,,,,,,,,,,,,,,,,,152,2505,16.5,15,0,0,,0,152,2505,16.5,15,,,,,,,,,,,,,,,,,,2019
Kaden Smith,TE,Stanford,6,176,https://www.sports-reference.com/cfb/players/kaden-smith-1.html,77,255,4.92,15.0,32.0,108.0,7.08,4.47,Pac-12,20,2,,,,,,,,,,,,,,,,,,,,,70,1049,15.0,7,0,0,,0,70,1049,15.0,7,,,,,,,,,,,,,,,,,,2019
Saivion Smith,CB,Alabama,0,0,https://www.sports-reference.com/cfb/players/saivion-smith-2.html,73,199,,11.0,33.0,121.0,7.09,4.37,SEC,14,1,36,24,60,0.5,0.0,3,71,1,5,0,,,1,,,,,,,,,,,,,,,,,,,,,,,,,,,,,,,,,,,,,2019
Sutton Smith,EDGE,Northern Illinois,6,175,https://www.sports-reference.com/cfb/players/sutton-smith-1.html,72,233,4.69,25.0,31.5,118.0,6.75,4.32,MAC,37,3,93,46,139,58.5,30.0,0,0,0,4,6,,3,7,,,,,,,,,,,,,,,,,,,,,,,,,,,,,,,,,,,,,2019
Benny Snell,RB,Kentucky,4,122,https://www.sports-reference.com/cfb/players/benjamin-snell-jr-1.html,70,224,4.66,16.0,29.5,119.0,7.07,4.33,SEC,39,3,,,,,,,,,,,,,,,,,,,,,29,216,7.4,0,737,3873,5.3,48,766,4089,5.3,48,,,,,,,,,,,,,,,,,,2019
Jace Sternberger,TE,Texas A&M,3,75,https://www.sports-reference.com/cfb/players/jace-sternberger-1.html,76,251,4.75,17.0,31.5,113.0,7.19,4.31,Big 12,15,2,,,,,,,,,,,,,,,,,,,,,48,832,17.3,10,1,4,4.0,0,49,836,17.1,10,,,,,,,,,,,,,,,,,,2019
Jarrett Stidham,QB,Auburn,4,133,https://www.sports-reference.com/cfb/players/jarrett-stidham-1.html,74,218,4.81,,31.0,110.0,7.28,4.33,Big 12,37,3,,,,,,,,,,,,,,470,739,63.6,5952,36,11,144.4,,,,,,,,,,,,,,,,,,,,,,,,,,,,,,2019
Ty Summers,LB,TCU,7,226,https://www.sports-reference.com/cfb/players/ty-summers-1.html,73,241,4.51,27.0,36.0,123.0,,,Big 12,47,4,167,150,317,22.5,10.5,2,12,0,9,1,,,1,,,,,,,,,,,,,,,,,,,,,,,,,,,,,,,,,,,,,2019
Montez Sweat,EDGE,Mississippi State,1,26,https://www.sports-reference.com/cfb/players/montez-sweat-1.html,78,260,4.41,21.0,36.0,125.0,7.0,4.29,Big Ten,27,3,48,53,101,30.0,22.5,0,0,0,0,1,,,1,,,,,,,,,,,,,,,,,,,,,,,,,,,,,,,,,,,,,2019
Tommy Sweeney,TE,Boston Col.,7,228,https://www.sports-reference.com/cfb/players/tommy-sweeney-1.html,76,251,4.83,17.0,,,,,ACC,38,4,,,,,,,,,,,,,,,,,,,,,99,1281,12.9,10,0,0,,0,99,1281,12.9,10,,,,,,,,,,,,,,,,,,2019
William Sweet,OT,North Carolina,0,0,https://www.sports-reference.com/cfb/players/william-sweet-1.html,78,313,5.27,23.0,30.5,111.0,8.01,5.0,ACC,1,1,0,1,1,0.0,0.0,0,0,0,0,0,,,0,,,,,,,,,,,,,,,,,,,,,,,,,,,,,,,,,,,,,2019
Jordan Ta'amu,QB,Mississippi,0,0,https://www.sports-reference.com/cfb/players/jordan-taamu-1.html,75,221,4.77,,27.5,109.0,7.06,4.36,SEC,19,2,,,,,,,,,,,,,,381,591,64.5,5600,30,12,156.8,,,,,,,,,,,,,,,,,,,,,,,,,,,,,,2019
Sione Takitaki,LB,BYU,3,80,https://www.sports-reference.com/cfb/players/sione-takitaki-1.html,73,238,4.63,24.0,37.0,125.0,7.21,4.28,Ind,41,4,145,96,241,33.5,15.5,0,0,0,5,2,,,2,,,,,,,,,,,,,,,,,,,,,,,,,,,,,,,,,,,,,2019
Trevon Tate,OL,Memphis,0,0,https://www.sports-reference.com/cfb/players/trevon-tate-1.html,74,293,,22.0,,,,,American,1,1,1,0,1,0.0,0.0,0,0,0,0,0,,,0,,,,,,,,,,,,,,,,,,,,,,,,,,,,,,,,,,,,,2019
Jahlani Tavai,LB,Hawaii,2,43,https://www.sports-reference.com/cfb/players/jahlani-tavai-1.html,74,250,,,,,,,MWC,47,4,220,170,390,41.0,16.5,2,8,0,5,3,,,3,,,,,,,,,,,,,,,,,,,,,,,,,,,,,,,,,,,,,2019
Jawaan Taylor,OT,Florida,2,35,https://www.sports-reference.com/cfb/players/jawaan-taylor-1.html,77,312,,24.0,,,,,SEC,8,3,11,13,24,0.0,0.0,1,0,0,1,0,,,0,,,,,,,,,,,,,,,,,,,,,,,,,,,,,,,,,,,,,2019
Marvell Tell,S,USC,5,144,https://www.sports-reference.com/cfb/players/marvell-tell-iii-1.html,74,198,,,42.0,136.0,6.63,4.01,Pac-12,47,4,127,93,220,6.5,0.5,5,60,1,13,1,,,1,,,,,,,,,,,,,,,,,,,,,,,,,,,,,,,,,,,,,2019
Derrek Thomas,CB,Baylor,0,0,https://www.sports-reference.com/cfb/players/derrek-thomas-2.html,75,189,4.44,8.0,39.5,131.0,,,,,,,,,,,,,,,,,,,,,,,,,,,,,,,,,,,,,,,,,,,,,,,,,,,,,,,2019
Cody Thompson,WR,Toledo,0,0,https://www.sports-reference.com/cfb/players/cody-thompson-1.html,73,205,4.57,19.0,38.5,119.0,6.87,4.03,MAC,50,5,,,,,,,,,,,,,,,,,,,,,181,3312,18.3,30,0,0,,0,181,3312,18.3,30,,,,,,,,,,,,,,,,,,2019
Deionte Thompson,S,Alabama,5,139,https://www.sports-reference.com/cfb/players/deionte-thompson-1.html,73,195,,,,,,,SEC,29,3,69,43,112,4.5,0.0,3,86,0,7,1,,,3,,,,,,,,,,,,,,,,,,,,,,,,,,,,,,,,,,,,,2019
Juan Thornhill,S,Virginia,2,63,https://www.sports-reference.com/cfb/players/juan-thornhill-1.html,72,205,4.42,21.0,44.0,141.0,,,ACC,38,4,141,67,208,12.0,1.5,13,177,0,26,0,,,1,,,,,,,,,,,,,,,,,,,,,,,,,,,,,,,,,,,,,2019
Clayton Thorson,QB,Northwestern,5,167,https://www.sports-reference.com/cfb/players/clayton-thorson-1.html,76,222,,,,,,,Big Ten,53,4,,,,,,,,,,,,,,991,1696,58.4,10731,61,45,118.1,,,,,,,,,,,,,,,,,,,,,,,,,,,,,,2019
Jerry Tillery,DL,Notre Dame,1,28,https://www.sports-reference.com/cfb/players/jerry-tillery-2.html,78,295,4.93,23.0,32.0,115.0,7.45,4.33,Ind,42,4,71,63,134,24.0,13.5,0,0,0,0,0,,,4,,,,,,,,,,,,,,,,,,,,,,,,,,,,,,,,,,,,,2019
Cole Tracy,K,LSU,0,0,https://www.sports-reference.com/cfb/players/cole-tracy-1.html,70,184,,,,,,,SEC,13,1,,,,,,,,,,,,,,,,,,,,,,,,,,,,,,,,,,,,,,,,,42,100.0,29,33,87.9,129,0,0,,2019
Drue Tranquill,LB,Notre Dame,4,130,https://www.sports-reference.com/cfb/players/drue-tranquill-1.html,74,234,4.57,31.0,37.5,122.0,6.94,4.14,Ind,52,5,184,108,292,25.5,5.5,3,-2,0,11,5,,,1,,,,,,,,,,,,,,,,,,,,,,,,,,,,,,,,,,,,,2019
D'Andre Walker,EDGE,Georgia,5,168,https://www.sports-reference.com/cfb/players/dandre-walker-1.html,74,251,,,,,,,SEC,38,4,65,47,112,27.5,13.5,0,0,0,4,1,,,5,,,,,,,,,,,,,,,,,,,,,,,,,,,,,,,,,,,,,2019
Kahale Warring,TE,San Diego State,3,86,https://www.sports-reference.com/cfb/players/kahale-warring-1.html,77,252,4.67,19.0,36.5,122.0,7.21,4.25,MWC,19,3,,,,,,,,,,,,,,,,,,,,,51,637,12.5,8,0,0,,0,51,637,12.5,8,,,,,,,,,,,,,,,,,,2019
Armon Watts,DL,Arkansas,6,190,https://www.sports-reference.com/cfb/players/armon-watts-1.html,77,300,5.23,,,,,,SEC,19,4,29,27,56,8.5,7.0,0,0,0,2,0,,,3,,,,,,,,,,,,,,,,,,,,,,,,,,,,,,,,,,,,,2019
Jamarius Way,WR,South Alabama,0,0,https://www.sports-reference.com/cfb/players/jamarius-way-1.html,75,215,4.63,16.0,32.5,119.0,,4.66,Sun Belt,23,2,,,,,,,,,,,,,,,,,,,,,108,1617,15.0,11,7,38,5.4,0,115,1655,14.4,11,,,,,,,,,,,,,,,,,,2019
Mike Weber,RB,Ohio State,7,218,https://www.sports-reference.com/cfb/players/mike-weber-1.html,70,211,4.47,22.0,33.5,,,,Big Ten,38,3,,,,,,,,,,,,,,,,,,,,,54,297,5.5,1,455,2676,5.9,24,509,2973,5.8,25,,,,,,,,,,,,,,,,,,2019
Ken Webster,CB,Mississippi,7,252,https://www.sports-reference.com/cfb/players/kendarius-webster-1.html,71,203,4.43,18.0,43.0,133.0,6.85,4.14,SEC,37,4,92,30,122,5.5,0.0,3,28,0,20,0,,,0,,,,,,,,,,,,,,,,,,,,,,,,,,,,,,,,,,,,,2019
Trevon Wesco,TE,West Virginia,4,121,https://www.sports-reference.com/cfb/players/trevon-wesco-1.html,75,267,4.89,24.0,31.0,117.0,7.18,4.38,Big 12,12,3,,,,,,,,,,,,,,,,,,,,,28,373,13.3,2,1,3,3.0,0,29,376,13.0,2,,,,,,,,,,,,,,,,,,2019
Antoine Wesley,WR,Texas Tech,0,0,https://www.sports-reference.com/cfb/players/antoine-wesley-1.html,76,206,,6.0,37.0,117.0,7.07,4.26,Big 12,19,3,,,,,,,,,,,,,,,,,,,,,98,1547,15.8,9,1,-2,-2.0,0,99,1545,15.6,9,,,,,,,,,,,,,,,,,,2019
Darius West,S,Kentucky,0,0,https://www.sports-reference.com/cfb/players/darius-west-1.html,71,208,4.39,19.0,33.5,113.0,,,SEC,32,3,116,72,188,4.5,0.0,4,72,0,7,1,,1,2,,,,,,,,,,,,,,,,,,,,,,,,,,,,,,,,,,,,,2019
Devin White,LB,LSU,1,5,https://www.sports-reference.com/cfb/players/devin-white-1.html,72,237,4.42,22.0,39.5,118.0,7.07,4.17,SEC,34,3,114,172,286,28.5,8.5,1,3,0,9,3,,,4,,,,,,,,,,,,,,,,,,,,,,,,,,,,,,,,,,,,,2019
Christian Wilkins,DL,Clemson,1,13,https://www.sports-reference.com/cfb/players/christian-wilkins-1.html,75,315,5.04,28.0,29.5,107.0,,4.55,ACC,55,4,94,98,192,40.5,16.0,0,0,0,15,4,,,2,,,,,,,,,,,,,,,,,,,,,,,,,,,,,,,,,,,,,2019
Dexter Williams,RB,Notre Dame,6,194,https://www.sports-reference.com/cfb/players/dexter-williams-1.html,71,212,4.57,17.0,36.0,130.0,7.0,4.16,Ind,35,4,,,,,,,,,,,,,,,,,,,,,22,162,7.4,2,257,1636,6.4,20,279,1798,6.4,22,,,,,,,,,,,,,,,,,,2019
Greedy Williams,CB,LSU,2,46,https://www.sports-reference.com/cfb/players/greedy-williams-1.html,74,185,4.37,,,,,,SEC,24,2,49,22,71,1.5,0.0,8,52,0,19,0,,,0,,,,,,,,,,,,,,,,,,,,,,,,,,,,,,,,,,,,,2019
James Williams,RB,Washington State,0,0,https://www.sports-reference.com/cfb/players/james-williams-13.html,69,197,4.58,,36.5,118.0,7.01,4.25,Pac-12,39,3,,,,,,,,,,,,,,,,,,,,,202,1437,7.1,8,316,1540,4.9,19,518,2977,5.7,27,,,,,,,,,,,,,,,,,,2019
Jonah Williams,OT,Alabama,1,11,https://www.sports-reference.com/cfb/players/jonah-williams-1.html,76,302,5.12,23.0,28.0,100.0,8.01,4.79,,,,,,,,,,,,,,,,,,,,,,,,,,,,,,,,,,,,,,,,,,,,,,,,,,,,,2019
Joejuan Williams,CB,Vanderbilt,2,45,https://www.sports-reference.com/cfb/players/joejuan-williams-1.html,76,211,4.64,17.0,,,,,SEC,34,3,95,24,119,6.0,0.0,4,8,0,25,0,,,1,,,,,,,,,,,,,,,,,,,,,,,,,,,,,,,,,,,,,2019
Quinnen Williams,DL,Alabama,1,3,https://www.sports-reference.com/cfb/players/quinnen-williams-1.html,75,303,4.83,,30.5,112.0,,,SEC,24,2,56,35,91,26.0,10.0,0,0,0,1,0,,,0,,,,,,,,,,,,,,,,,,,,,,,,,,,,,,,,,,,,,2019
Trayveon Williams,RB,Texas A&M,6,182,https://www.sports-reference.com/cfb/players/trayveon-williams-1.html,68,206,4.51,19.0,33.0,121.0,7.44,4.44,SEC,38,3,,,,,,,,,,,,,,,,,,,,,66,561,8.5,1,600,3615,6.0,34,666,4176,6.3,35,,,,,,,,,,,,,,,,,,2019
Gerald Willis,DL,Miami (FL),0,0,https://www.sports-reference.com/cfb/players/gerald-willis-iii-1.html,74,302,,,,,,,ACC,12,1,34,25,59,18.0,4.0,0,0,0,2,1,,,0,,,,,,,,,,,,,,,,,,,,,,,,,,,,,,,,,,,,,2019
Khari Willis,S,Michigan State,4,109,https://www.sports-reference.com/cfb/players/khari-willis-1.html,71,213,4.52,22.0,34.5,118.0,,,Big Ten,41,4,95,94,189,7.0,3.0,4,50,0,13,0,,,2,,,,,,,,,,,,,,,,,,,,,,,,,,,,,,,,,,,,,2019
Caleb Wilson,TE,UCLA,7,254,https://www.sports-reference.com/cfb/players/caleb-wilson-2.html,76,240,4.56,,29.0,113.0,7.2,4.4,Pac-12,24,3,,,,,,,,,,,,,,,,,,,,,114,1675,14.7,5,1,4,4.0,0,115,1679,14.6,5,,,,,,,,,,,,,,,,,,2019
Donovan Wilson,S,Texas A&M,6,213,https://www.sports-reference.com/cfb/players/donovan-wilson-2.html,72,199,,18.0,36.0,127.0,,,SEC,43,4,119,80,199,21.5,5.0,8,76,1,7,2,,,4,,,,,,,,,,,,,,,,,,,,,,,,,,,,,,,,,,,,,2019
Mack Wilson,LB,Alabama,5,155,https://www.sports-reference.com/cfb/players/mack-wilson-1.html,73,240,,,32.0,117.0,,,SEC,34,3,59,54,113,7.0,1.0,6,39,1,7,1,,,0,,,,,,,,,,,,,,,,,,,,,,,,,,,,,,,,,,,,,2019
Andrew Wingard,S,Wyoming,0,0,https://www.sports-reference.com/cfb/players/andrew-wingard-1.html,72,209,4.56,9.0,36.5,121.0,7.08,4.2,MWC,51,4,274,180,454,25.0,4.0,10,87,0,8,1,,,5,,,,,,,,,,,,,,,,,,,,,,,,,,,,,,,,,,,,,2019
Chase Winovich,EDGE,Michigan,3,77,https://www.sports-reference.com/cfb/players/chase-winovich-1.html,75,256,4.59,18.0,30.5,116.0,6.94,4.11,Big Ten,41,4,86,80,166,43.0,18.5,0,0,0,1,3,,,3,,,,,,,,,,,,,,,,,,,,,,,,,,,,,,,,,,,,,2019
Daniel Wise,DL,Kansas,0,0,https://www.sports-reference.com/cfb/players/daniel-wise-1.html,75,281,5.28,22.0,27.5,112.0,7.53,4.37,Big 12,42,4,108,44,152,43.0,17.0,0,0,0,2,1,,,2,,,,,,,,,,,,,,,,,,,,,,,,,,,,,,,,,,,,,2019
Mitch Wishnowsky,P,Utah,4,110,https://www.sports-reference.com/cfb/players/mitch-wishnowsky-1.html,74,218,4.63,,32.5,117.0,,,Pac-12,40,3,,,,,,,,,,,,,,,,,,,,,,,,,,,,,,,,,,,,,,,,,0,,0,0,,0,175,8004,45.7,2019
Zedrick Woods,S,Mississippi,0,0,https://www.sports-reference.com/cfb/players/zedrick-woods-1.html,71,205,4.29,19.0,34.5,122.0,7.0,4.15,SEC,47,4,126,105,231,5.5,0.5,6,91,1,11,2,,1,2,,,,,,,,,,,,,,,,,,,,,,,,,,,,,,,,,,,,,2019
Evan Worthington,S,Colorado,0,0,https://www.sports-reference.com/cfb/players/evan-worthington-1.html,74,212,4.63,17.0,33.5,121.0,7.07,4.37,Pac-12,21,2,83,45,128,10.0,2.0,4,44,0,10,1,,,1,,,,,,,,,,,,,,,,,,,,,,,,,,,,,,,,,,,,,2019
Renell Wren,DL,Arizona State,4,125,https://www.sports-reference.com/cfb/players/renell-wren-1.html,77,318,5.01,30.0,32.0,118.0,7.65,4.53,Pac-12,29,4,51,30,81,14.5,3.0,1,-4,0,5,0,,,1,,,,,,,,,,,,,,,,,,,,,,,,,,,,,,,,,,,,,2019
Oshane Ximines,EDGE,Old Dominion,3,95,https://www.sports-reference.com/cfb/players/oshane-ximines-1.html,75,253,4.78,24.0,34.0,118.0,7.13,4.57,CUSA,50,5,92,84,176,51.0,32.5,1,14,0,12,2,,,11,,,,,,,,,,,,,,,,,,,,,,,,,,,,,,,,,,,,,2019
Rock Ya-Sin,CB,Temple,2,34,https://www.sports-reference.com/cfb/players/rock-ya-sin-1.html,72,192,4.51,18.0,39.5,120.0,7.31,4.31,American,12,1,36,11,47,2.0,0.0,2,-1,0,12,0,,,0,,,,,,,,,,,,,,,,,,,,,,,,,,,,,,,,,,,,,2019
